sample_name	library_ID	title	library_strategy	library_source	library_selection	library_layout	platform	instrument_model	design_description	filetype	filename	filename2	filename3	filename4	assembly	fasta_file
103-1	Bacteria_BM663-01M0001	16S metabarcoding of soil in Arable land at depth of 10 cm	AMPLICON	METAGENOMIC	PCR	paired	ILLUMINA	Illumina NovaSeq 6000	DNA extracted from soil using column extraction kits, DNA concentrations diluted to 2ng before PCR, amplified with 16S 515F-Y/806R primers, PCR product diluted to 3 ng for sequencing.	fastq	Bacteria_BM663-01M0001_good_1.fq.gz	Bacteria_BM663-01M0001_good_2.fq.gz				
103-2	Bacteria_BM663-01M0002	16S metabarcoding of soil in Arable land at depth of 20 cm	AMPLICON	METAGENOMIC	PCR	paired	ILLUMINA	Illumina NovaSeq 6000	DNA extracted from soil using column extraction kits, DNA concentrations diluted to 2ng before PCR, amplified with 16S 515F-Y/806R primers, PCR product diluted to 3 ng for sequencing.	fastq	Bacteria_BM663-01M0002_good_1.fq.gz	Bacteria_BM663-01M0002_good_2.fq.gz				
103-3	Bacteria_BM663-01M0003	16S metabarcoding of soil in Arable land at depth of 30 cm	AMPLICON	METAGENOMIC	PCR	paired	ILLUMINA	Illumina NovaSeq 6000	DNA extracted from soil using column extraction kits, DNA concentrations diluted to 2ng before PCR, amplified with 16S 515F-Y/806R primers, PCR product diluted to 3 ng for sequencing.	fastq	Bacteria_BM663-01M0003_good_1.fq.gz	Bacteria_BM663-01M0003_good_2.fq.gz				
103-4	Bacteria_BM663-01M0004	16S metabarcoding of soil in Arable land at depth of 40 cm	AMPLICON	METAGENOMIC	PCR	paired	ILLUMINA	Illumina NovaSeq 6000	DNA extracted from soil using column extraction kits, DNA concentrations diluted to 2ng before PCR, amplified with 16S 515F-Y/806R primers, PCR product diluted to 3 ng for sequencing.	fastq	Bacteria_BM663-01M0004_good_1.fq.gz	Bacteria_BM663-01M0004_good_2.fq.gz				
104-1	Bacteria_BM663-01M0005	16S metabarcoding of soil in Arable land at depth of 10 cm	AMPLICON	METAGENOMIC	PCR	paired	ILLUMINA	Illumina NovaSeq 6000	DNA extracted from soil using column extraction kits, DNA concentrations diluted to 2ng before PCR, amplified with 16S 515F-Y/806R primers, PCR product diluted to 3 ng for sequencing.	fastq	Bacteria_BM663-01M0005_good_1.fq.gz	Bacteria_BM663-01M0005_good_2.fq.gz				
104-2	Bacteria_BM663-01M0006	16S metabarcoding of soil in Arable land at depth of 20 cm	AMPLICON	METAGENOMIC	PCR	paired	ILLUMINA	Illumina NovaSeq 6000	DNA extracted from soil using column extraction kits, DNA concentrations diluted to 2ng before PCR, amplified with 16S 515F-Y/806R primers, PCR product diluted to 3 ng for sequencing.	fastq	Bacteria_BM663-01M0006_good_1.fq.gz	Bacteria_BM663-01M0006_good_2.fq.gz				
104-3	Bacteria_BM663-01M0007	16S metabarcoding of soil in Arable land at depth of 30 cm	AMPLICON	METAGENOMIC	PCR	paired	ILLUMINA	Illumina NovaSeq 6000	DNA extracted from soil using column extraction kits, DNA concentrations diluted to 2ng before PCR, amplified with 16S 515F-Y/806R primers, PCR product diluted to 3 ng for sequencing.	fastq	Bacteria_BM663-01M0007_good_1.fq.gz	Bacteria_BM663-01M0007_good_2.fq.gz				
104-4	Bacteria_BM663-01M0008	16S metabarcoding of soil in Arable land at depth of 40 cm	AMPLICON	METAGENOMIC	PCR	paired	ILLUMINA	Illumina NovaSeq 6000	DNA extracted from soil using column extraction kits, DNA concentrations diluted to 2ng before PCR, amplified with 16S 515F-Y/806R primers, PCR product diluted to 3 ng for sequencing.	fastq	Bacteria_BM663-01M0008_good_1.fq.gz	Bacteria_BM663-01M0008_good_2.fq.gz				
105-1	Bacteria_BM663-01M0009	16S metabarcoding of soil in Arable land at depth of 10 cm	AMPLICON	METAGENOMIC	PCR	paired	ILLUMINA	Illumina NovaSeq 6000	DNA extracted from soil using column extraction kits, DNA concentrations diluted to 2ng before PCR, amplified with 16S 515F-Y/806R primers, PCR product diluted to 3 ng for sequencing.	fastq	Bacteria_BM663-01M0009_good_1.fq.gz	Bacteria_BM663-01M0009_good_2.fq.gz				
105-2	Bacteria_BM663-01M0010	16S metabarcoding of soil in Arable land at depth of 20 cm	AMPLICON	METAGENOMIC	PCR	paired	ILLUMINA	Illumina NovaSeq 6000	DNA extracted from soil using column extraction kits, DNA concentrations diluted to 2ng before PCR, amplified with 16S 515F-Y/806R primers, PCR product diluted to 3 ng for sequencing.	fastq	Bacteria_BM663-01M0010_good_1.fq.gz	Bacteria_BM663-01M0010_good_2.fq.gz				
105-3	Bacteria_BM663-01M0011	16S metabarcoding of soil in Arable land at depth of 30 cm	AMPLICON	METAGENOMIC	PCR	paired	ILLUMINA	Illumina NovaSeq 6000	DNA extracted from soil using column extraction kits, DNA concentrations diluted to 2ng before PCR, amplified with 16S 515F-Y/806R primers, PCR product diluted to 3 ng for sequencing.	fastq	Bacteria_BM663-01M0011_good_1.fq.gz	Bacteria_BM663-01M0011_good_2.fq.gz				
105-4	Bacteria_BM663-01M0012	16S metabarcoding of soil in Arable land at depth of 40 cm	AMPLICON	METAGENOMIC	PCR	paired	ILLUMINA	Illumina NovaSeq 6000	DNA extracted from soil using column extraction kits, DNA concentrations diluted to 2ng before PCR, amplified with 16S 515F-Y/806R primers, PCR product diluted to 3 ng for sequencing.	fastq	Bacteria_BM663-01M0012_good_1.fq.gz	Bacteria_BM663-01M0012_good_2.fq.gz				
110-1	Bacteria_BM663-01M0013	16S metabarcoding of soil in Arable land at depth of 10 cm	AMPLICON	METAGENOMIC	PCR	paired	ILLUMINA	Illumina NovaSeq 6000	DNA extracted from soil using column extraction kits, DNA concentrations diluted to 2ng before PCR, amplified with 16S 515F-Y/806R primers, PCR product diluted to 3 ng for sequencing.	fastq	Bacteria_BM663-01M0013_good_1.fq.gz	Bacteria_BM663-01M0013_good_2.fq.gz				
110-2	Bacteria_BM663-01M0014	16S metabarcoding of soil in Arable land at depth of 20 cm	AMPLICON	METAGENOMIC	PCR	paired	ILLUMINA	Illumina NovaSeq 6000	DNA extracted from soil using column extraction kits, DNA concentrations diluted to 2ng before PCR, amplified with 16S 515F-Y/806R primers, PCR product diluted to 3 ng for sequencing.	fastq	Bacteria_BM663-01M0014_good_1.fq.gz	Bacteria_BM663-01M0014_good_2.fq.gz				
110-3	Bacteria_BM663-01M0015	16S metabarcoding of soil in Arable land at depth of 30 cm	AMPLICON	METAGENOMIC	PCR	paired	ILLUMINA	Illumina NovaSeq 6000	DNA extracted from soil using column extraction kits, DNA concentrations diluted to 2ng before PCR, amplified with 16S 515F-Y/806R primers, PCR product diluted to 3 ng for sequencing.	fastq	Bacteria_BM663-01M0015_good_1.fq.gz	Bacteria_BM663-01M0015_good_2.fq.gz				
110-4	Bacteria_BM663-01M0016	16S metabarcoding of soil in Arable land at depth of 40 cm	AMPLICON	METAGENOMIC	PCR	paired	ILLUMINA	Illumina NovaSeq 6000	DNA extracted from soil using column extraction kits, DNA concentrations diluted to 2ng before PCR, amplified with 16S 515F-Y/806R primers, PCR product diluted to 3 ng for sequencing.	fastq	Bacteria_BM663-01M0016_good_1.fq.gz	Bacteria_BM663-01M0016_good_2.fq.gz				
113-1	Bacteria_BM663-01M0017	16S metabarcoding of soil in Arable land at depth of 10 cm	AMPLICON	METAGENOMIC	PCR	paired	ILLUMINA	Illumina NovaSeq 6000	DNA extracted from soil using column extraction kits, DNA concentrations diluted to 2ng before PCR, amplified with 16S 515F-Y/806R primers, PCR product diluted to 3 ng for sequencing.	fastq	Bacteria_BM663-01M0017_good_1.fq.gz	Bacteria_BM663-01M0017_good_2.fq.gz				
113-2	Bacteria_BM663-01M0018	16S metabarcoding of soil in Arable land at depth of 20 cm	AMPLICON	METAGENOMIC	PCR	paired	ILLUMINA	Illumina NovaSeq 6000	DNA extracted from soil using column extraction kits, DNA concentrations diluted to 2ng before PCR, amplified with 16S 515F-Y/806R primers, PCR product diluted to 3 ng for sequencing.	fastq	Bacteria_BM663-01M0018_good_1.fq.gz	Bacteria_BM663-01M0018_good_2.fq.gz				
113-3	Bacteria_BM663-01M0019	16S metabarcoding of soil in Arable land at depth of 30 cm	AMPLICON	METAGENOMIC	PCR	paired	ILLUMINA	Illumina NovaSeq 6000	DNA extracted from soil using column extraction kits, DNA concentrations diluted to 2ng before PCR, amplified with 16S 515F-Y/806R primers, PCR product diluted to 3 ng for sequencing.	fastq	Bacteria_BM663-01M0019_good_1.fq.gz	Bacteria_BM663-01M0019_good_2.fq.gz				
113-4	Bacteria_BM663-01M0020	16S metabarcoding of soil in Arable land at depth of 40 cm	AMPLICON	METAGENOMIC	PCR	paired	ILLUMINA	Illumina NovaSeq 6000	DNA extracted from soil using column extraction kits, DNA concentrations diluted to 2ng before PCR, amplified with 16S 515F-Y/806R primers, PCR product diluted to 3 ng for sequencing.	fastq	Bacteria_BM663-01M0020_good_1.fq.gz	Bacteria_BM663-01M0020_good_2.fq.gz				
114-1	Bacteria_BM663-01M0021	16S metabarcoding of soil in Arable land at depth of 10 cm	AMPLICON	METAGENOMIC	PCR	paired	ILLUMINA	Illumina NovaSeq 6000	DNA extracted from soil using column extraction kits, DNA concentrations diluted to 2ng before PCR, amplified with 16S 515F-Y/806R primers, PCR product diluted to 3 ng for sequencing.	fastq	Bacteria_BM663-01M0021_good_1.fq.gz	Bacteria_BM663-01M0021_good_2.fq.gz				
114-2	Bacteria_BM663-01M0022	16S metabarcoding of soil in Arable land at depth of 20 cm	AMPLICON	METAGENOMIC	PCR	paired	ILLUMINA	Illumina NovaSeq 6000	DNA extracted from soil using column extraction kits, DNA concentrations diluted to 2ng before PCR, amplified with 16S 515F-Y/806R primers, PCR product diluted to 3 ng for sequencing.	fastq	Bacteria_BM663-01M0022_good_1.fq.gz	Bacteria_BM663-01M0022_good_2.fq.gz				
114-3	Bacteria_BM663-01M0023	16S metabarcoding of soil in Arable land at depth of 30 cm	AMPLICON	METAGENOMIC	PCR	paired	ILLUMINA	Illumina NovaSeq 6000	DNA extracted from soil using column extraction kits, DNA concentrations diluted to 2ng before PCR, amplified with 16S 515F-Y/806R primers, PCR product diluted to 3 ng for sequencing.	fastq	Bacteria_BM663-01M0023_good_1.fq.gz	Bacteria_BM663-01M0023_good_2.fq.gz				
114-4	Bacteria_BM663-01M0024	16S metabarcoding of soil in Arable land at depth of 40 cm	AMPLICON	METAGENOMIC	PCR	paired	ILLUMINA	Illumina NovaSeq 6000	DNA extracted from soil using column extraction kits, DNA concentrations diluted to 2ng before PCR, amplified with 16S 515F-Y/806R primers, PCR product diluted to 3 ng for sequencing.	fastq	Bacteria_BM663-01M0024_good_1.fq.gz	Bacteria_BM663-01M0024_good_2.fq.gz				
156-1	Bacteria_BM663-01M0025	16S metabarcoding of soil in Grassland at depth of 10 cm	AMPLICON	METAGENOMIC	PCR	paired	ILLUMINA	Illumina NovaSeq 6000	DNA extracted from soil using column extraction kits, DNA concentrations diluted to 2ng before PCR, amplified with 16S 515F-Y/806R primers, PCR product diluted to 3 ng for sequencing.	fastq	Bacteria_BM663-01M0025_good_1.fq.gz	Bacteria_BM663-01M0025_good_2.fq.gz				
156-2	Bacteria_BM663-01M0026	16S metabarcoding of soil in Grassland at depth of 20 cm	AMPLICON	METAGENOMIC	PCR	paired	ILLUMINA	Illumina NovaSeq 6000	DNA extracted from soil using column extraction kits, DNA concentrations diluted to 2ng before PCR, amplified with 16S 515F-Y/806R primers, PCR product diluted to 3 ng for sequencing.	fastq	Bacteria_BM663-01M0026_good_1.fq.gz	Bacteria_BM663-01M0026_good_2.fq.gz				
156-3	Bacteria_BM663-01M0027	16S metabarcoding of soil in Grassland at depth of 30 cm	AMPLICON	METAGENOMIC	PCR	paired	ILLUMINA	Illumina NovaSeq 6000	DNA extracted from soil using column extraction kits, DNA concentrations diluted to 2ng before PCR, amplified with 16S 515F-Y/806R primers, PCR product diluted to 3 ng for sequencing.	fastq	Bacteria_BM663-01M0027_good_1.fq.gz	Bacteria_BM663-01M0027_good_2.fq.gz				
156-4	Bacteria_BM663-01M0028	16S metabarcoding of soil in Grassland at depth of 40 cm	AMPLICON	METAGENOMIC	PCR	paired	ILLUMINA	Illumina NovaSeq 6000	DNA extracted from soil using column extraction kits, DNA concentrations diluted to 2ng before PCR, amplified with 16S 515F-Y/806R primers, PCR product diluted to 3 ng for sequencing.	fastq	Bacteria_BM663-01M0028_good_1.fq.gz	Bacteria_BM663-01M0028_good_2.fq.gz				
157-1	Bacteria_BM663-01M0029	16S metabarcoding of soil in Grassland at depth of 10 cm	AMPLICON	METAGENOMIC	PCR	paired	ILLUMINA	Illumina NovaSeq 6000	DNA extracted from soil using column extraction kits, DNA concentrations diluted to 2ng before PCR, amplified with 16S 515F-Y/806R primers, PCR product diluted to 3 ng for sequencing.	fastq	Bacteria_BM663-01M0029_good_1.fq.gz	Bacteria_BM663-01M0029_good_2.fq.gz				
157-2	Bacteria_BM663-01M0030	16S metabarcoding of soil in Grassland at depth of 20 cm	AMPLICON	METAGENOMIC	PCR	paired	ILLUMINA	Illumina NovaSeq 6000	DNA extracted from soil using column extraction kits, DNA concentrations diluted to 2ng before PCR, amplified with 16S 515F-Y/806R primers, PCR product diluted to 3 ng for sequencing.	fastq	Bacteria_BM663-01M0030_good_1.fq.gz	Bacteria_BM663-01M0030_good_2.fq.gz				
157-3	Bacteria_BM663-01M0031	16S metabarcoding of soil in Grassland at depth of 30 cm	AMPLICON	METAGENOMIC	PCR	paired	ILLUMINA	Illumina NovaSeq 6000	DNA extracted from soil using column extraction kits, DNA concentrations diluted to 2ng before PCR, amplified with 16S 515F-Y/806R primers, PCR product diluted to 3 ng for sequencing.	fastq	Bacteria_BM663-01M0031_good_1.fq.gz	Bacteria_BM663-01M0031_good_2.fq.gz				
157-4	Bacteria_BM663-01M0032	16S metabarcoding of soil in Grassland at depth of 40 cm	AMPLICON	METAGENOMIC	PCR	paired	ILLUMINA	Illumina NovaSeq 6000	DNA extracted from soil using column extraction kits, DNA concentrations diluted to 2ng before PCR, amplified with 16S 515F-Y/806R primers, PCR product diluted to 3 ng for sequencing.	fastq	Bacteria_BM663-01M0032_good_1.fq.gz	Bacteria_BM663-01M0032_good_2.fq.gz				
158-1	Bacteria_BM663-01M0033	16S metabarcoding of soil in Grassland at depth of 10 cm	AMPLICON	METAGENOMIC	PCR	paired	ILLUMINA	Illumina NovaSeq 6000	DNA extracted from soil using column extraction kits, DNA concentrations diluted to 2ng before PCR, amplified with 16S 515F-Y/806R primers, PCR product diluted to 3 ng for sequencing.	fastq	Bacteria_BM663-01M0033_good_1.fq.gz	Bacteria_BM663-01M0033_good_2.fq.gz				
158-2	Bacteria_BM663-01M0034	16S metabarcoding of soil in Grassland at depth of 20 cm	AMPLICON	METAGENOMIC	PCR	paired	ILLUMINA	Illumina NovaSeq 6000	DNA extracted from soil using column extraction kits, DNA concentrations diluted to 2ng before PCR, amplified with 16S 515F-Y/806R primers, PCR product diluted to 3 ng for sequencing.	fastq	Bacteria_BM663-01M0034_good_1.fq.gz	Bacteria_BM663-01M0034_good_2.fq.gz				
158-3	Bacteria_BM663-01M0035	16S metabarcoding of soil in Grassland at depth of 30 cm	AMPLICON	METAGENOMIC	PCR	paired	ILLUMINA	Illumina NovaSeq 6000	DNA extracted from soil using column extraction kits, DNA concentrations diluted to 2ng before PCR, amplified with 16S 515F-Y/806R primers, PCR product diluted to 3 ng for sequencing.	fastq	Bacteria_BM663-01M0035_good_1.fq.gz	Bacteria_BM663-01M0035_good_2.fq.gz				
158-4	Bacteria_BM663-01M0036	16S metabarcoding of soil in Grassland at depth of 40 cm	AMPLICON	METAGENOMIC	PCR	paired	ILLUMINA	Illumina NovaSeq 6000	DNA extracted from soil using column extraction kits, DNA concentrations diluted to 2ng before PCR, amplified with 16S 515F-Y/806R primers, PCR product diluted to 3 ng for sequencing.	fastq	Bacteria_BM663-01M0036_good_1.fq.gz	Bacteria_BM663-01M0036_good_2.fq.gz				
159-1	Bacteria_BM663-01M0037	16S metabarcoding of soil in Grassland at depth of 10 cm	AMPLICON	METAGENOMIC	PCR	paired	ILLUMINA	Illumina NovaSeq 6000	DNA extracted from soil using column extraction kits, DNA concentrations diluted to 2ng before PCR, amplified with 16S 515F-Y/806R primers, PCR product diluted to 3 ng for sequencing.	fastq	Bacteria_BM663-01M0037_good_1.fq.gz	Bacteria_BM663-01M0037_good_2.fq.gz				
159-2	Bacteria_BM663-01M0038	16S metabarcoding of soil in Grassland at depth of 20 cm	AMPLICON	METAGENOMIC	PCR	paired	ILLUMINA	Illumina NovaSeq 6000	DNA extracted from soil using column extraction kits, DNA concentrations diluted to 2ng before PCR, amplified with 16S 515F-Y/806R primers, PCR product diluted to 3 ng for sequencing.	fastq	Bacteria_BM663-01M0038_good_1.fq.gz	Bacteria_BM663-01M0038_good_2.fq.gz				
159-3	Bacteria_BM663-01M0039	16S metabarcoding of soil in Grassland at depth of 30 cm	AMPLICON	METAGENOMIC	PCR	paired	ILLUMINA	Illumina NovaSeq 6000	DNA extracted from soil using column extraction kits, DNA concentrations diluted to 2ng before PCR, amplified with 16S 515F-Y/806R primers, PCR product diluted to 3 ng for sequencing.	fastq	Bacteria_BM663-01M0039_good_1.fq.gz	Bacteria_BM663-01M0039_good_2.fq.gz				
159-4	Bacteria_BM663-01M0040	16S metabarcoding of soil in Grassland at depth of 40 cm	AMPLICON	METAGENOMIC	PCR	paired	ILLUMINA	Illumina NovaSeq 6000	DNA extracted from soil using column extraction kits, DNA concentrations diluted to 2ng before PCR, amplified with 16S 515F-Y/806R primers, PCR product diluted to 3 ng for sequencing.	fastq	Bacteria_BM663-01M0040_good_1.fq.gz	Bacteria_BM663-01M0040_good_2.fq.gz				
160-1	Bacteria_BM663-01M0041	16S metabarcoding of soil in Grassland at depth of 10 cm	AMPLICON	METAGENOMIC	PCR	paired	ILLUMINA	Illumina NovaSeq 6000	DNA extracted from soil using column extraction kits, DNA concentrations diluted to 2ng before PCR, amplified with 16S 515F-Y/806R primers, PCR product diluted to 3 ng for sequencing.	fastq	Bacteria_BM663-01M0041_good_1.fq.gz	Bacteria_BM663-01M0041_good_2.fq.gz				
160-2	Bacteria_BM663-01M0042	16S metabarcoding of soil in Grassland at depth of 20 cm	AMPLICON	METAGENOMIC	PCR	paired	ILLUMINA	Illumina NovaSeq 6000	DNA extracted from soil using column extraction kits, DNA concentrations diluted to 2ng before PCR, amplified with 16S 515F-Y/806R primers, PCR product diluted to 3 ng for sequencing.	fastq	Bacteria_BM663-01M0042_good_1.fq.gz	Bacteria_BM663-01M0042_good_2.fq.gz				
160-3	Bacteria_BM663-01M0043	16S metabarcoding of soil in Grassland at depth of 30 cm	AMPLICON	METAGENOMIC	PCR	paired	ILLUMINA	Illumina NovaSeq 6000	DNA extracted from soil using column extraction kits, DNA concentrations diluted to 2ng before PCR, amplified with 16S 515F-Y/806R primers, PCR product diluted to 3 ng for sequencing.	fastq	Bacteria_BM663-01M0043_good_1.fq.gz	Bacteria_BM663-01M0043_good_2.fq.gz				
160-4	Bacteria_BM663-01M0044	16S metabarcoding of soil in Grassland at depth of 40 cm	AMPLICON	METAGENOMIC	PCR	paired	ILLUMINA	Illumina NovaSeq 6000	DNA extracted from soil using column extraction kits, DNA concentrations diluted to 2ng before PCR, amplified with 16S 515F-Y/806R primers, PCR product diluted to 3 ng for sequencing.	fastq	Bacteria_BM663-01M0044_good_1.fq.gz	Bacteria_BM663-01M0044_good_2.fq.gz				
161-1	Bacteria_BM663-01M0045	16S metabarcoding of soil in Grassland at depth of 10 cm	AMPLICON	METAGENOMIC	PCR	paired	ILLUMINA	Illumina NovaSeq 6000	DNA extracted from soil using column extraction kits, DNA concentrations diluted to 2ng before PCR, amplified with 16S 515F-Y/806R primers, PCR product diluted to 3 ng for sequencing.	fastq	Bacteria_BM663-01M0045_good_1.fq.gz	Bacteria_BM663-01M0045_good_2.fq.gz				
161-2	Bacteria_BM663-01M0046	16S metabarcoding of soil in Grassland at depth of 20 cm	AMPLICON	METAGENOMIC	PCR	paired	ILLUMINA	Illumina NovaSeq 6000	DNA extracted from soil using column extraction kits, DNA concentrations diluted to 2ng before PCR, amplified with 16S 515F-Y/806R primers, PCR product diluted to 3 ng for sequencing.	fastq	Bacteria_BM663-01M0046_good_1.fq.gz	Bacteria_BM663-01M0046_good_2.fq.gz				
161-3	Bacteria_BM663-01M0047	16S metabarcoding of soil in Grassland at depth of 30 cm	AMPLICON	METAGENOMIC	PCR	paired	ILLUMINA	Illumina NovaSeq 6000	DNA extracted from soil using column extraction kits, DNA concentrations diluted to 2ng before PCR, amplified with 16S 515F-Y/806R primers, PCR product diluted to 3 ng for sequencing.	fastq	Bacteria_BM663-01M0047_good_1.fq.gz	Bacteria_BM663-01M0047_good_2.fq.gz				
161-4	Bacteria_BM663-01M0048	16S metabarcoding of soil in Grassland at depth of 40 cm	AMPLICON	METAGENOMIC	PCR	paired	ILLUMINA	Illumina NovaSeq 6000	DNA extracted from soil using column extraction kits, DNA concentrations diluted to 2ng before PCR, amplified with 16S 515F-Y/806R primers, PCR product diluted to 3 ng for sequencing.	fastq	Bacteria_BM663-01M0048_good_1.fq.gz	Bacteria_BM663-01M0048_good_2.fq.gz				
203-1	Bacteria_BM663-01M0049	16S metabarcoding of soil in Forest at depth of 10 cm	AMPLICON	METAGENOMIC	PCR	paired	ILLUMINA	Illumina NovaSeq 6000	DNA extracted from soil using column extraction kits, DNA concentrations diluted to 2ng before PCR, amplified with 16S 515F-Y/806R primers, PCR product diluted to 3 ng for sequencing.	fastq	Bacteria_BM663-01M0049_good_1.fq.gz	Bacteria_BM663-01M0049_good_2.fq.gz				
203-2	Bacteria_BM663-01M0050	16S metabarcoding of soil in Forest at depth of 20 cm	AMPLICON	METAGENOMIC	PCR	paired	ILLUMINA	Illumina NovaSeq 6000	DNA extracted from soil using column extraction kits, DNA concentrations diluted to 2ng before PCR, amplified with 16S 515F-Y/806R primers, PCR product diluted to 3 ng for sequencing.	fastq	Bacteria_BM663-01M0050_good_1.fq.gz	Bacteria_BM663-01M0050_good_2.fq.gz				
203-3	Bacteria_BM663-01M0051	16S metabarcoding of soil in Forest at depth of 30 cm	AMPLICON	METAGENOMIC	PCR	paired	ILLUMINA	Illumina NovaSeq 6000	DNA extracted from soil using column extraction kits, DNA concentrations diluted to 2ng before PCR, amplified with 16S 515F-Y/806R primers, PCR product diluted to 3 ng for sequencing.	fastq	Bacteria_BM663-01M0051_good_1.fq.gz	Bacteria_BM663-01M0051_good_2.fq.gz				
204-1	Bacteria_BM663-01M0052	16S metabarcoding of soil in Forest at depth of 10 cm	AMPLICON	METAGENOMIC	PCR	paired	ILLUMINA	Illumina NovaSeq 6000	DNA extracted from soil using column extraction kits, DNA concentrations diluted to 2ng before PCR, amplified with 16S 515F-Y/806R primers, PCR product diluted to 3 ng for sequencing.	fastq	Bacteria_BM663-01M0052_good_1.fq.gz	Bacteria_BM663-01M0052_good_2.fq.gz				
204-2	Bacteria_BM663-01M0053	16S metabarcoding of soil in Forest at depth of 20 cm	AMPLICON	METAGENOMIC	PCR	paired	ILLUMINA	Illumina NovaSeq 6000	DNA extracted from soil using column extraction kits, DNA concentrations diluted to 2ng before PCR, amplified with 16S 515F-Y/806R primers, PCR product diluted to 3 ng for sequencing.	fastq	Bacteria_BM663-01M0053_good_1.fq.gz	Bacteria_BM663-01M0053_good_2.fq.gz				
204-3	Bacteria_BM663-01M0054	16S metabarcoding of soil in Forest at depth of 30 cm	AMPLICON	METAGENOMIC	PCR	paired	ILLUMINA	Illumina NovaSeq 6000	DNA extracted from soil using column extraction kits, DNA concentrations diluted to 2ng before PCR, amplified with 16S 515F-Y/806R primers, PCR product diluted to 3 ng for sequencing.	fastq	Bacteria_BM663-01M0054_good_1.fq.gz	Bacteria_BM663-01M0054_good_2.fq.gz				
204-4	Bacteria_BM663-01M0055	16S metabarcoding of soil in Forest at depth of 40 cm	AMPLICON	METAGENOMIC	PCR	paired	ILLUMINA	Illumina NovaSeq 6000	DNA extracted from soil using column extraction kits, DNA concentrations diluted to 2ng before PCR, amplified with 16S 515F-Y/806R primers, PCR product diluted to 3 ng for sequencing.	fastq	Bacteria_BM663-01M0055_good_1.fq.gz	Bacteria_BM663-01M0055_good_2.fq.gz				
205-1	Bacteria_BM663-01M0056	16S metabarcoding of soil in Forest at depth of 10 cm	AMPLICON	METAGENOMIC	PCR	paired	ILLUMINA	Illumina NovaSeq 6000	DNA extracted from soil using column extraction kits, DNA concentrations diluted to 2ng before PCR, amplified with 16S 515F-Y/806R primers, PCR product diluted to 3 ng for sequencing.	fastq	Bacteria_BM663-01M0056_good_1.fq.gz	Bacteria_BM663-01M0056_good_2.fq.gz				
205-2	Bacteria_BM663-01M0057	16S metabarcoding of soil in Forest at depth of 20 cm	AMPLICON	METAGENOMIC	PCR	paired	ILLUMINA	Illumina NovaSeq 6000	DNA extracted from soil using column extraction kits, DNA concentrations diluted to 2ng before PCR, amplified with 16S 515F-Y/806R primers, PCR product diluted to 3 ng for sequencing.	fastq	Bacteria_BM663-01M0057_good_1.fq.gz	Bacteria_BM663-01M0057_good_2.fq.gz				
205-3	Bacteria_BM663-01M0058	16S metabarcoding of soil in Forest at depth of 30 cm	AMPLICON	METAGENOMIC	PCR	paired	ILLUMINA	Illumina NovaSeq 6000	DNA extracted from soil using column extraction kits, DNA concentrations diluted to 2ng before PCR, amplified with 16S 515F-Y/806R primers, PCR product diluted to 3 ng for sequencing.	fastq	Bacteria_BM663-01M0058_good_1.fq.gz	Bacteria_BM663-01M0058_good_2.fq.gz				
205-4	Bacteria_BM663-01M0059	16S metabarcoding of soil in Forest at depth of 40 cm	AMPLICON	METAGENOMIC	PCR	paired	ILLUMINA	Illumina NovaSeq 6000	DNA extracted from soil using column extraction kits, DNA concentrations diluted to 2ng before PCR, amplified with 16S 515F-Y/806R primers, PCR product diluted to 3 ng for sequencing.	fastq	Bacteria_BM663-01M0059_good_1.fq.gz	Bacteria_BM663-01M0059_good_2.fq.gz				
209-1	Bacteria_BM663-01M0060	16S metabarcoding of soil in Forest at depth of 10 cm	AMPLICON	METAGENOMIC	PCR	paired	ILLUMINA	Illumina NovaSeq 6000	DNA extracted from soil using column extraction kits, DNA concentrations diluted to 2ng before PCR, amplified with 16S 515F-Y/806R primers, PCR product diluted to 3 ng for sequencing.	fastq	Bacteria_BM663-01M0060_good_1.fq.gz	Bacteria_BM663-01M0060_good_2.fq.gz				
209-2	Bacteria_BM663-01M0061	16S metabarcoding of soil in Forest at depth of 20 cm	AMPLICON	METAGENOMIC	PCR	paired	ILLUMINA	Illumina NovaSeq 6000	DNA extracted from soil using column extraction kits, DNA concentrations diluted to 2ng before PCR, amplified with 16S 515F-Y/806R primers, PCR product diluted to 3 ng for sequencing.	fastq	Bacteria_BM663-01M0061_good_1.fq.gz	Bacteria_BM663-01M0061_good_2.fq.gz				
209-3	Bacteria_BM663-01M0062	16S metabarcoding of soil in Forest at depth of 30 cm	AMPLICON	METAGENOMIC	PCR	paired	ILLUMINA	Illumina NovaSeq 6000	DNA extracted from soil using column extraction kits, DNA concentrations diluted to 2ng before PCR, amplified with 16S 515F-Y/806R primers, PCR product diluted to 3 ng for sequencing.	fastq	Bacteria_BM663-01M0062_good_1.fq.gz	Bacteria_BM663-01M0062_good_2.fq.gz				
209-4	Bacteria_BM663-01M0063	16S metabarcoding of soil in Forest at depth of 40 cm	AMPLICON	METAGENOMIC	PCR	paired	ILLUMINA	Illumina NovaSeq 6000	DNA extracted from soil using column extraction kits, DNA concentrations diluted to 2ng before PCR, amplified with 16S 515F-Y/806R primers, PCR product diluted to 3 ng for sequencing.	fastq	Bacteria_BM663-01M0063_good_1.fq.gz	Bacteria_BM663-01M0063_good_2.fq.gz				
213-1	Bacteria_BM663-01M0064	16S metabarcoding of soil in Forest at depth of 10 cm	AMPLICON	METAGENOMIC	PCR	paired	ILLUMINA	Illumina NovaSeq 6000	DNA extracted from soil using column extraction kits, DNA concentrations diluted to 2ng before PCR, amplified with 16S 515F-Y/806R primers, PCR product diluted to 3 ng for sequencing.	fastq	Bacteria_BM663-01M0064_good_1.fq.gz	Bacteria_BM663-01M0064_good_2.fq.gz				
213-2	Bacteria_BM663-01M0065	16S metabarcoding of soil in Forest at depth of 20 cm	AMPLICON	METAGENOMIC	PCR	paired	ILLUMINA	Illumina NovaSeq 6000	DNA extracted from soil using column extraction kits, DNA concentrations diluted to 2ng before PCR, amplified with 16S 515F-Y/806R primers, PCR product diluted to 3 ng for sequencing.	fastq	Bacteria_BM663-01M0065_good_1.fq.gz	Bacteria_BM663-01M0065_good_2.fq.gz				
213-3	Bacteria_BM663-01M0066	16S metabarcoding of soil in Forest at depth of 30 cm	AMPLICON	METAGENOMIC	PCR	paired	ILLUMINA	Illumina NovaSeq 6000	DNA extracted from soil using column extraction kits, DNA concentrations diluted to 2ng before PCR, amplified with 16S 515F-Y/806R primers, PCR product diluted to 3 ng for sequencing.	fastq	Bacteria_BM663-01M0066_good_1.fq.gz	Bacteria_BM663-01M0066_good_2.fq.gz				
213-4	Bacteria_BM663-01M0067	16S metabarcoding of soil in Forest at depth of 40 cm	AMPLICON	METAGENOMIC	PCR	paired	ILLUMINA	Illumina NovaSeq 6000	DNA extracted from soil using column extraction kits, DNA concentrations diluted to 2ng before PCR, amplified with 16S 515F-Y/806R primers, PCR product diluted to 3 ng for sequencing.	fastq	Bacteria_BM663-01M0067_good_1.fq.gz	Bacteria_BM663-01M0067_good_2.fq.gz				
214-1	Bacteria_BM663-01M0068	16S metabarcoding of soil in Forest at depth of 10 cm	AMPLICON	METAGENOMIC	PCR	paired	ILLUMINA	Illumina NovaSeq 6000	DNA extracted from soil using column extraction kits, DNA concentrations diluted to 2ng before PCR, amplified with 16S 515F-Y/806R primers, PCR product diluted to 3 ng for sequencing.	fastq	Bacteria_BM663-01M0068_good_1.fq.gz	Bacteria_BM663-01M0068_good_2.fq.gz				
214-2	Bacteria_BM663-01M0069	16S metabarcoding of soil in Forest at depth of 20 cm	AMPLICON	METAGENOMIC	PCR	paired	ILLUMINA	Illumina NovaSeq 6000	DNA extracted from soil using column extraction kits, DNA concentrations diluted to 2ng before PCR, amplified with 16S 515F-Y/806R primers, PCR product diluted to 3 ng for sequencing.	fastq	Bacteria_BM663-01M0069_good_1.fq.gz	Bacteria_BM663-01M0069_good_2.fq.gz				
214-3	Bacteria_BM663-01M0070	16S metabarcoding of soil in Forest at depth of 30 cm	AMPLICON	METAGENOMIC	PCR	paired	ILLUMINA	Illumina NovaSeq 6000	DNA extracted from soil using column extraction kits, DNA concentrations diluted to 2ng before PCR, amplified with 16S 515F-Y/806R primers, PCR product diluted to 3 ng for sequencing.	fastq	Bacteria_BM663-01M0070_good_1.fq.gz	Bacteria_BM663-01M0070_good_2.fq.gz				
214-4	Bacteria_BM663-01M0071	16S metabarcoding of soil in Forest at depth of 40 cm	AMPLICON	METAGENOMIC	PCR	paired	ILLUMINA	Illumina NovaSeq 6000	DNA extracted from soil using column extraction kits, DNA concentrations diluted to 2ng before PCR, amplified with 16S 515F-Y/806R primers, PCR product diluted to 3 ng for sequencing.	fastq	Bacteria_BM663-01M0071_good_1.fq.gz	Bacteria_BM663-01M0071_good_2.fq.gz				
S1	Bacteria_BM663-01M0072	16S metabarcoding of soil in Arableland at depth of 0 cm	AMPLICON	METAGENOMIC	PCR	paired	ILLUMINA	Illumina NovaSeq 6000	DNA extracted from soil using column extraction kits, DNA concentrations diluted to 2ng before PCR, amplified with 16S 515F-Y/806R primers, PCR product diluted to 3 ng for sequencing.	fastq	Bacteria_BM663-01M0072_good_1.fq.gz	Bacteria_BM663-01M0072_good_2.fq.gz				
S2	Bacteria_BM663-01M0073	16S metabarcoding of soil in Grassland at depth of 0 cm	AMPLICON	METAGENOMIC	PCR	paired	ILLUMINA	Illumina NovaSeq 6000	DNA extracted from soil using column extraction kits, DNA concentrations diluted to 2ng before PCR, amplified with 16S 515F-Y/806R primers, PCR product diluted to 3 ng for sequencing.	fastq	Bacteria_BM663-01M0073_good_1.fq.gz	Bacteria_BM663-01M0073_good_2.fq.gz				
S3	Bacteria_BM663-01M0074	16S metabarcoding of soil in Forest at depth of 0 cm	AMPLICON	METAGENOMIC	PCR	paired	ILLUMINA	Illumina NovaSeq 6000	DNA extracted from soil using column extraction kits, DNA concentrations diluted to 2ng before PCR, amplified with 16S 515F-Y/806R primers, PCR product diluted to 3 ng for sequencing.	fastq	Bacteria_BM663-01M0074_good_1.fq.gz	Bacteria_BM663-01M0074_good_2.fq.gz				
S4	Bacteria_BM663-01M0075	16S metabarcoding of soil in Arableland at depth of 0 cm	AMPLICON	METAGENOMIC	PCR	paired	ILLUMINA	Illumina NovaSeq 6000	DNA extracted from soil using column extraction kits, DNA concentrations diluted to 2ng before PCR, amplified with 16S 515F-Y/806R primers, PCR product diluted to 3 ng for sequencing.	fastq	Bacteria_BM663-01M0075_good_1.fq.gz	Bacteria_BM663-01M0075_good_2.fq.gz				
S5	Bacteria_BM663-01M0076	16S metabarcoding of soil in Grassland at depth of 0 cm	AMPLICON	METAGENOMIC	PCR	paired	ILLUMINA	Illumina NovaSeq 6000	DNA extracted from soil using column extraction kits, DNA concentrations diluted to 2ng before PCR, amplified with 16S 515F-Y/806R primers, PCR product diluted to 3 ng for sequencing.	fastq	Bacteria_BM663-01M0076_good_1.fq.gz	Bacteria_BM663-01M0076_good_2.fq.gz				
S6	Bacteria_BM663-01M0077	16S metabarcoding of soil in Arableland at depth of 0 cm	AMPLICON	METAGENOMIC	PCR	paired	ILLUMINA	Illumina NovaSeq 6000	DNA extracted from soil using column extraction kits, DNA concentrations diluted to 2ng before PCR, amplified with 16S 515F-Y/806R primers, PCR product diluted to 3 ng for sequencing.	fastq	Bacteria_BM663-01M0077_good_1.fq.gz	Bacteria_BM663-01M0077_good_2.fq.gz				
S7	Bacteria_BM663-01M0078	16S metabarcoding of soil in Forest at depth of 0 cm	AMPLICON	METAGENOMIC	PCR	paired	ILLUMINA	Illumina NovaSeq 6000	DNA extracted from soil using column extraction kits, DNA concentrations diluted to 2ng before PCR, amplified with 16S 515F-Y/806R primers, PCR product diluted to 3 ng for sequencing.	fastq	Bacteria_BM663-01M0078_good_1.fq.gz	Bacteria_BM663-01M0078_good_2.fq.gz				
S8	Bacteria_BM663-01M0079	16S metabarcoding of soil in Arableland at depth of 0 cm	AMPLICON	METAGENOMIC	PCR	paired	ILLUMINA	Illumina NovaSeq 6000	DNA extracted from soil using column extraction kits, DNA concentrations diluted to 2ng before PCR, amplified with 16S 515F-Y/806R primers, PCR product diluted to 3 ng for sequencing.	fastq	Bacteria_BM663-01M0079_good_1.fq.gz	Bacteria_BM663-01M0079_good_2.fq.gz				
S9	Bacteria_BM663-01M0080	16S metabarcoding of soil in Arableland at depth of 0 cm	AMPLICON	METAGENOMIC	PCR	paired	ILLUMINA	Illumina NovaSeq 6000	DNA extracted from soil using column extraction kits, DNA concentrations diluted to 2ng before PCR, amplified with 16S 515F-Y/806R primers, PCR product diluted to 3 ng for sequencing.	fastq	Bacteria_BM663-01M0080_good_1.fq.gz	Bacteria_BM663-01M0080_good_2.fq.gz				
S10	Bacteria_BM663-01M0081	16S metabarcoding of soil in Forest at depth of 0 cm	AMPLICON	METAGENOMIC	PCR	paired	ILLUMINA	Illumina NovaSeq 6000	DNA extracted from soil using column extraction kits, DNA concentrations diluted to 2ng before PCR, amplified with 16S 515F-Y/806R primers, PCR product diluted to 3 ng for sequencing.	fastq	Bacteria_BM663-01M0081_good_1.fq.gz	Bacteria_BM663-01M0081_good_2.fq.gz				
S11	Bacteria_BM663-01M0082	16S metabarcoding of soil in Arableland at depth of 0 cm	AMPLICON	METAGENOMIC	PCR	paired	ILLUMINA	Illumina NovaSeq 6000	DNA extracted from soil using column extraction kits, DNA concentrations diluted to 2ng before PCR, amplified with 16S 515F-Y/806R primers, PCR product diluted to 3 ng for sequencing.	fastq	Bacteria_BM663-01M0082_good_1.fq.gz	Bacteria_BM663-01M0082_good_2.fq.gz				
S12	Bacteria_BM663-01M0083	16S metabarcoding of soil in Arableland at depth of 0 cm	AMPLICON	METAGENOMIC	PCR	paired	ILLUMINA	Illumina NovaSeq 6000	DNA extracted from soil using column extraction kits, DNA concentrations diluted to 2ng before PCR, amplified with 16S 515F-Y/806R primers, PCR product diluted to 3 ng for sequencing.	fastq	Bacteria_BM663-01M0083_good_1.fq.gz	Bacteria_BM663-01M0083_good_2.fq.gz				
S13	Bacteria_BM663-01M0084	16S metabarcoding of soil in Grassland at depth of 0 cm	AMPLICON	METAGENOMIC	PCR	paired	ILLUMINA	Illumina NovaSeq 6000	DNA extracted from soil using column extraction kits, DNA concentrations diluted to 2ng before PCR, amplified with 16S 515F-Y/806R primers, PCR product diluted to 3 ng for sequencing.	fastq	Bacteria_BM663-01M0084_good_1.fq.gz	Bacteria_BM663-01M0084_good_2.fq.gz				
S14	Bacteria_BM663-01M0085	16S metabarcoding of soil in Grassland at depth of 0 cm	AMPLICON	METAGENOMIC	PCR	paired	ILLUMINA	Illumina NovaSeq 6000	DNA extracted from soil using column extraction kits, DNA concentrations diluted to 2ng before PCR, amplified with 16S 515F-Y/806R primers, PCR product diluted to 3 ng for sequencing.	fastq	Bacteria_BM663-01M0085_good_1.fq.gz	Bacteria_BM663-01M0085_good_2.fq.gz				
S15	Bacteria_BM663-01M0086	16S metabarcoding of soil in Forest at depth of 0 cm	AMPLICON	METAGENOMIC	PCR	paired	ILLUMINA	Illumina NovaSeq 6000	DNA extracted from soil using column extraction kits, DNA concentrations diluted to 2ng before PCR, amplified with 16S 515F-Y/806R primers, PCR product diluted to 3 ng for sequencing.	fastq	Bacteria_BM663-01M0086_good_1.fq.gz	Bacteria_BM663-01M0086_good_2.fq.gz				
S16	Bacteria_BM663-01M0087	16S metabarcoding of soil in Forest at depth of 0 cm	AMPLICON	METAGENOMIC	PCR	paired	ILLUMINA	Illumina NovaSeq 6000	DNA extracted from soil using column extraction kits, DNA concentrations diluted to 2ng before PCR, amplified with 16S 515F-Y/806R primers, PCR product diluted to 3 ng for sequencing.	fastq	Bacteria_BM663-01M0087_good_1.fq.gz	Bacteria_BM663-01M0087_good_2.fq.gz				
S17	Bacteria_BM663-01M0088	16S metabarcoding of soil in Grassland at depth of 0 cm	AMPLICON	METAGENOMIC	PCR	paired	ILLUMINA	Illumina NovaSeq 6000	DNA extracted from soil using column extraction kits, DNA concentrations diluted to 2ng before PCR, amplified with 16S 515F-Y/806R primers, PCR product diluted to 3 ng for sequencing.	fastq	Bacteria_BM663-01M0088_good_1.fq.gz	Bacteria_BM663-01M0088_good_2.fq.gz				
S18	Bacteria_BM663-01M0089	16S metabarcoding of soil in Forest at depth of 0 cm	AMPLICON	METAGENOMIC	PCR	paired	ILLUMINA	Illumina NovaSeq 6000	DNA extracted from soil using column extraction kits, DNA concentrations diluted to 2ng before PCR, amplified with 16S 515F-Y/806R primers, PCR product diluted to 3 ng for sequencing.	fastq	Bacteria_BM663-01M0089_good_1.fq.gz	Bacteria_BM663-01M0089_good_2.fq.gz				
S19	Bacteria_BM663-01M0090	16S metabarcoding of soil in Arableland at depth of 0 cm	AMPLICON	METAGENOMIC	PCR	paired	ILLUMINA	Illumina NovaSeq 6000	DNA extracted from soil using column extraction kits, DNA concentrations diluted to 2ng before PCR, amplified with 16S 515F-Y/806R primers, PCR product diluted to 3 ng for sequencing.	fastq	Bacteria_BM663-01M0090_good_1.fq.gz	Bacteria_BM663-01M0090_good_2.fq.gz				
S20	Bacteria_BM663-01M0091	16S metabarcoding of soil in Arableland at depth of 0 cm	AMPLICON	METAGENOMIC	PCR	paired	ILLUMINA	Illumina NovaSeq 6000	DNA extracted from soil using column extraction kits, DNA concentrations diluted to 2ng before PCR, amplified with 16S 515F-Y/806R primers, PCR product diluted to 3 ng for sequencing.	fastq	Bacteria_BM663-01M0091_good_1.fq.gz	Bacteria_BM663-01M0091_good_2.fq.gz				
S21	Bacteria_BM663-01M0092	16S metabarcoding of soil in Arableland at depth of 0 cm	AMPLICON	METAGENOMIC	PCR	paired	ILLUMINA	Illumina NovaSeq 6000	DNA extracted from soil using column extraction kits, DNA concentrations diluted to 2ng before PCR, amplified with 16S 515F-Y/806R primers, PCR product diluted to 3 ng for sequencing.	fastq	Bacteria_BM663-01M0092_good_1.fq.gz	Bacteria_BM663-01M0092_good_2.fq.gz				
S22	Bacteria_BM663-01M0093	16S metabarcoding of soil in Forest at depth of 0 cm	AMPLICON	METAGENOMIC	PCR	paired	ILLUMINA	Illumina NovaSeq 6000	DNA extracted from soil using column extraction kits, DNA concentrations diluted to 2ng before PCR, amplified with 16S 515F-Y/806R primers, PCR product diluted to 3 ng for sequencing.	fastq	Bacteria_BM663-01M0093_good_1.fq.gz	Bacteria_BM663-01M0093_good_2.fq.gz				
S23	Bacteria_BM663-01M0094	16S metabarcoding of soil in Forest at depth of 0 cm	AMPLICON	METAGENOMIC	PCR	paired	ILLUMINA	Illumina NovaSeq 6000	DNA extracted from soil using column extraction kits, DNA concentrations diluted to 2ng before PCR, amplified with 16S 515F-Y/806R primers, PCR product diluted to 3 ng for sequencing.	fastq	Bacteria_BM663-01M0094_good_1.fq.gz	Bacteria_BM663-01M0094_good_2.fq.gz				
S24	Bacteria_BM663-01M0095	16S metabarcoding of soil in Arableland at depth of 0 cm	AMPLICON	METAGENOMIC	PCR	paired	ILLUMINA	Illumina NovaSeq 6000	DNA extracted from soil using column extraction kits, DNA concentrations diluted to 2ng before PCR, amplified with 16S 515F-Y/806R primers, PCR product diluted to 3 ng for sequencing.	fastq	Bacteria_BM663-01M0095_good_1.fq.gz	Bacteria_BM663-01M0095_good_2.fq.gz				
S25	Bacteria_BM663-01M0096	16S metabarcoding of soil in Forest at depth of 0 cm	AMPLICON	METAGENOMIC	PCR	paired	ILLUMINA	Illumina NovaSeq 6000	DNA extracted from soil using column extraction kits, DNA concentrations diluted to 2ng before PCR, amplified with 16S 515F-Y/806R primers, PCR product diluted to 3 ng for sequencing.	fastq	Bacteria_BM663-01M0096_good_1.fq.gz	Bacteria_BM663-01M0096_good_2.fq.gz				
S26	Bacteria_BM663-01M0097	16S metabarcoding of soil in Arableland at depth of 0 cm	AMPLICON	METAGENOMIC	PCR	paired	ILLUMINA	Illumina NovaSeq 6000	DNA extracted from soil using column extraction kits, DNA concentrations diluted to 2ng before PCR, amplified with 16S 515F-Y/806R primers, PCR product diluted to 3 ng for sequencing.	fastq	Bacteria_BM663-01M0097_good_1.fq.gz	Bacteria_BM663-01M0097_good_2.fq.gz				
S27	Bacteria_BM663-01M0098	16S metabarcoding of soil in Arableland at depth of 0 cm	AMPLICON	METAGENOMIC	PCR	paired	ILLUMINA	Illumina NovaSeq 6000	DNA extracted from soil using column extraction kits, DNA concentrations diluted to 2ng before PCR, amplified with 16S 515F-Y/806R primers, PCR product diluted to 3 ng for sequencing.	fastq	Bacteria_BM663-01M0098_good_1.fq.gz	Bacteria_BM663-01M0098_good_2.fq.gz				
S28	Bacteria_BM663-01M0099	16S metabarcoding of soil in Arableland at depth of 0 cm	AMPLICON	METAGENOMIC	PCR	paired	ILLUMINA	Illumina NovaSeq 6000	DNA extracted from soil using column extraction kits, DNA concentrations diluted to 2ng before PCR, amplified with 16S 515F-Y/806R primers, PCR product diluted to 3 ng for sequencing.	fastq	Bacteria_BM663-01M0099_good_1.fq.gz	Bacteria_BM663-01M0099_good_2.fq.gz				
S29	Bacteria_BM663-01M0100	16S metabarcoding of soil in Arableland at depth of 0 cm	AMPLICON	METAGENOMIC	PCR	paired	ILLUMINA	Illumina NovaSeq 6000	DNA extracted from soil using column extraction kits, DNA concentrations diluted to 2ng before PCR, amplified with 16S 515F-Y/806R primers, PCR product diluted to 3 ng for sequencing.	fastq	Bacteria_BM663-01M0100_good_1.fq.gz	Bacteria_BM663-01M0100_good_2.fq.gz				
S30	Bacteria_BM663-01M0101	16S metabarcoding of soil in Forest at depth of 0 cm	AMPLICON	METAGENOMIC	PCR	paired	ILLUMINA	Illumina NovaSeq 6000	DNA extracted from soil using column extraction kits, DNA concentrations diluted to 2ng before PCR, amplified with 16S 515F-Y/806R primers, PCR product diluted to 3 ng for sequencing.	fastq	Bacteria_BM663-01M0101_good_1.fq.gz	Bacteria_BM663-01M0101_good_2.fq.gz				
S31	Bacteria_BM663-01M0102	16S metabarcoding of soil in Forest at depth of 0 cm	AMPLICON	METAGENOMIC	PCR	paired	ILLUMINA	Illumina NovaSeq 6000	DNA extracted from soil using column extraction kits, DNA concentrations diluted to 2ng before PCR, amplified with 16S 515F-Y/806R primers, PCR product diluted to 3 ng for sequencing.	fastq	Bacteria_BM663-01M0102_good_1.fq.gz	Bacteria_BM663-01M0102_good_2.fq.gz				
S32	Bacteria_BM663-01M0103	16S metabarcoding of soil in Grassland at depth of 0 cm	AMPLICON	METAGENOMIC	PCR	paired	ILLUMINA	Illumina NovaSeq 6000	DNA extracted from soil using column extraction kits, DNA concentrations diluted to 2ng before PCR, amplified with 16S 515F-Y/806R primers, PCR product diluted to 3 ng for sequencing.	fastq	Bacteria_BM663-01M0103_good_1.fq.gz	Bacteria_BM663-01M0103_good_2.fq.gz				
S33	Bacteria_BM663-01M0104	16S metabarcoding of soil in Arableland at depth of 0 cm	AMPLICON	METAGENOMIC	PCR	paired	ILLUMINA	Illumina NovaSeq 6000	DNA extracted from soil using column extraction kits, DNA concentrations diluted to 2ng before PCR, amplified with 16S 515F-Y/806R primers, PCR product diluted to 3 ng for sequencing.	fastq	Bacteria_BM663-01M0104_good_1.fq.gz	Bacteria_BM663-01M0104_good_2.fq.gz				
S34	Bacteria_BM663-01M0105	16S metabarcoding of soil in Grassland at depth of 0 cm	AMPLICON	METAGENOMIC	PCR	paired	ILLUMINA	Illumina NovaSeq 6000	DNA extracted from soil using column extraction kits, DNA concentrations diluted to 2ng before PCR, amplified with 16S 515F-Y/806R primers, PCR product diluted to 3 ng for sequencing.	fastq	Bacteria_BM663-01M0105_good_1.fq.gz	Bacteria_BM663-01M0105_good_2.fq.gz				
S35	Bacteria_BM663-01M0106	16S metabarcoding of soil in Forest at depth of 0 cm	AMPLICON	METAGENOMIC	PCR	paired	ILLUMINA	Illumina NovaSeq 6000	DNA extracted from soil using column extraction kits, DNA concentrations diluted to 2ng before PCR, amplified with 16S 515F-Y/806R primers, PCR product diluted to 3 ng for sequencing.	fastq	Bacteria_BM663-01M0106_good_1.fq.gz	Bacteria_BM663-01M0106_good_2.fq.gz				
S36	Bacteria_BM663-01M0107	16S metabarcoding of soil in Grassland at depth of 0 cm	AMPLICON	METAGENOMIC	PCR	paired	ILLUMINA	Illumina NovaSeq 6000	DNA extracted from soil using column extraction kits, DNA concentrations diluted to 2ng before PCR, amplified with 16S 515F-Y/806R primers, PCR product diluted to 3 ng for sequencing.	fastq	Bacteria_BM663-01M0107_good_1.fq.gz	Bacteria_BM663-01M0107_good_2.fq.gz				
S37	Bacteria_BM663-01M0108	16S metabarcoding of soil in Forest at depth of 0 cm	AMPLICON	METAGENOMIC	PCR	paired	ILLUMINA	Illumina NovaSeq 6000	DNA extracted from soil using column extraction kits, DNA concentrations diluted to 2ng before PCR, amplified with 16S 515F-Y/806R primers, PCR product diluted to 3 ng for sequencing.	fastq	Bacteria_BM663-01M0108_good_1.fq.gz	Bacteria_BM663-01M0108_good_2.fq.gz				
S38	Bacteria_BM663-01M0109	16S metabarcoding of soil in Arableland at depth of 0 cm	AMPLICON	METAGENOMIC	PCR	paired	ILLUMINA	Illumina NovaSeq 6000	DNA extracted from soil using column extraction kits, DNA concentrations diluted to 2ng before PCR, amplified with 16S 515F-Y/806R primers, PCR product diluted to 3 ng for sequencing.	fastq	Bacteria_BM663-01M0109_good_1.fq.gz	Bacteria_BM663-01M0109_good_2.fq.gz				
S39	Bacteria_BM663-01M0110	16S metabarcoding of soil in Arableland at depth of 0 cm	AMPLICON	METAGENOMIC	PCR	paired	ILLUMINA	Illumina NovaSeq 6000	DNA extracted from soil using column extraction kits, DNA concentrations diluted to 2ng before PCR, amplified with 16S 515F-Y/806R primers, PCR product diluted to 3 ng for sequencing.	fastq	Bacteria_BM663-01M0110_good_1.fq.gz	Bacteria_BM663-01M0110_good_2.fq.gz				
S40	Bacteria_BM663-01M0111	16S metabarcoding of soil in Forest at depth of 0 cm	AMPLICON	METAGENOMIC	PCR	paired	ILLUMINA	Illumina NovaSeq 6000	DNA extracted from soil using column extraction kits, DNA concentrations diluted to 2ng before PCR, amplified with 16S 515F-Y/806R primers, PCR product diluted to 3 ng for sequencing.	fastq	Bacteria_BM663-01M0111_good_1.fq.gz	Bacteria_BM663-01M0111_good_2.fq.gz				
S41	Bacteria_BM663-01M0112	16S metabarcoding of soil in Grassland at depth of 0 cm	AMPLICON	METAGENOMIC	PCR	paired	ILLUMINA	Illumina NovaSeq 6000	DNA extracted from soil using column extraction kits, DNA concentrations diluted to 2ng before PCR, amplified with 16S 515F-Y/806R primers, PCR product diluted to 3 ng for sequencing.	fastq	Bacteria_BM663-01M0112_good_1.fq.gz	Bacteria_BM663-01M0112_good_2.fq.gz				
S42	Bacteria_BM663-01M0113	16S metabarcoding of soil in Grassland at depth of 0 cm	AMPLICON	METAGENOMIC	PCR	paired	ILLUMINA	Illumina NovaSeq 6000	DNA extracted from soil using column extraction kits, DNA concentrations diluted to 2ng before PCR, amplified with 16S 515F-Y/806R primers, PCR product diluted to 3 ng for sequencing.	fastq	Bacteria_BM663-01M0113_good_1.fq.gz	Bacteria_BM663-01M0113_good_2.fq.gz				
S43	Bacteria_BM663-01M0114	16S metabarcoding of soil in Forest at depth of 0 cm	AMPLICON	METAGENOMIC	PCR	paired	ILLUMINA	Illumina NovaSeq 6000	DNA extracted from soil using column extraction kits, DNA concentrations diluted to 2ng before PCR, amplified with 16S 515F-Y/806R primers, PCR product diluted to 3 ng for sequencing.	fastq	Bacteria_BM663-01M0114_good_1.fq.gz	Bacteria_BM663-01M0114_good_2.fq.gz				
S44	Bacteria_BM663-01M0115	16S metabarcoding of soil in Forest at depth of 0 cm	AMPLICON	METAGENOMIC	PCR	paired	ILLUMINA	Illumina NovaSeq 6000	DNA extracted from soil using column extraction kits, DNA concentrations diluted to 2ng before PCR, amplified with 16S 515F-Y/806R primers, PCR product diluted to 3 ng for sequencing.	fastq	Bacteria_BM663-01M0115_good_1.fq.gz	Bacteria_BM663-01M0115_good_2.fq.gz				
S45	Bacteria_BM663-01M0116	16S metabarcoding of soil in Grassland at depth of 0 cm	AMPLICON	METAGENOMIC	PCR	paired	ILLUMINA	Illumina NovaSeq 6000	DNA extracted from soil using column extraction kits, DNA concentrations diluted to 2ng before PCR, amplified with 16S 515F-Y/806R primers, PCR product diluted to 3 ng for sequencing.	fastq	Bacteria_BM663-01M0116_good_1.fq.gz	Bacteria_BM663-01M0116_good_2.fq.gz				
S46	Bacteria_BM663-01M0117	16S metabarcoding of soil in Arableland at depth of 0 cm	AMPLICON	METAGENOMIC	PCR	paired	ILLUMINA	Illumina NovaSeq 6000	DNA extracted from soil using column extraction kits, DNA concentrations diluted to 2ng before PCR, amplified with 16S 515F-Y/806R primers, PCR product diluted to 3 ng for sequencing.	fastq	Bacteria_BM663-01M0117_good_1.fq.gz	Bacteria_BM663-01M0117_good_2.fq.gz				
S47	Bacteria_BM663-01M0118	16S metabarcoding of soil in Forest at depth of 0 cm	AMPLICON	METAGENOMIC	PCR	paired	ILLUMINA	Illumina NovaSeq 6000	DNA extracted from soil using column extraction kits, DNA concentrations diluted to 2ng before PCR, amplified with 16S 515F-Y/806R primers, PCR product diluted to 3 ng for sequencing.	fastq	Bacteria_BM663-01M0118_good_1.fq.gz	Bacteria_BM663-01M0118_good_2.fq.gz				
S48	Bacteria_BM663-01M0119	16S metabarcoding of soil in Arableland at depth of 0 cm	AMPLICON	METAGENOMIC	PCR	paired	ILLUMINA	Illumina NovaSeq 6000	DNA extracted from soil using column extraction kits, DNA concentrations diluted to 2ng before PCR, amplified with 16S 515F-Y/806R primers, PCR product diluted to 3 ng for sequencing.	fastq	Bacteria_BM663-01M0119_good_1.fq.gz	Bacteria_BM663-01M0119_good_2.fq.gz				
S49	Bacteria_BM663-01M0120	16S metabarcoding of soil in Forest at depth of 0 cm	AMPLICON	METAGENOMIC	PCR	paired	ILLUMINA	Illumina NovaSeq 6000	DNA extracted from soil using column extraction kits, DNA concentrations diluted to 2ng before PCR, amplified with 16S 515F-Y/806R primers, PCR product diluted to 3 ng for sequencing.	fastq	Bacteria_BM663-01M0120_good_1.fq.gz	Bacteria_BM663-01M0120_good_2.fq.gz				
S50	Bacteria_BM663-01M0121	16S metabarcoding of soil in Grassland at depth of 0 cm	AMPLICON	METAGENOMIC	PCR	paired	ILLUMINA	Illumina NovaSeq 6000	DNA extracted from soil using column extraction kits, DNA concentrations diluted to 2ng before PCR, amplified with 16S 515F-Y/806R primers, PCR product diluted to 3 ng for sequencing.	fastq	Bacteria_BM663-01M0121_good_1.fq.gz	Bacteria_BM663-01M0121_good_2.fq.gz				
S51	Bacteria_BM663-01M0122	16S metabarcoding of soil in Forest at depth of 0 cm	AMPLICON	METAGENOMIC	PCR	paired	ILLUMINA	Illumina NovaSeq 6000	DNA extracted from soil using column extraction kits, DNA concentrations diluted to 2ng before PCR, amplified with 16S 515F-Y/806R primers, PCR product diluted to 3 ng for sequencing.	fastq	Bacteria_BM663-01M0122_good_1.fq.gz	Bacteria_BM663-01M0122_good_2.fq.gz				
S52	Bacteria_BM663-01M0123	16S metabarcoding of soil in Forest at depth of 0 cm	AMPLICON	METAGENOMIC	PCR	paired	ILLUMINA	Illumina NovaSeq 6000	DNA extracted from soil using column extraction kits, DNA concentrations diluted to 2ng before PCR, amplified with 16S 515F-Y/806R primers, PCR product diluted to 3 ng for sequencing.	fastq	Bacteria_BM663-01M0123_good_1.fq.gz	Bacteria_BM663-01M0123_good_2.fq.gz				
S53	Bacteria_BM663-01M0124	16S metabarcoding of soil in Arableland at depth of 0 cm	AMPLICON	METAGENOMIC	PCR	paired	ILLUMINA	Illumina NovaSeq 6000	DNA extracted from soil using column extraction kits, DNA concentrations diluted to 2ng before PCR, amplified with 16S 515F-Y/806R primers, PCR product diluted to 3 ng for sequencing.	fastq	Bacteria_BM663-01M0124_good_1.fq.gz	Bacteria_BM663-01M0124_good_2.fq.gz				
S54	Bacteria_BM663-01M0125	16S metabarcoding of soil in Arableland at depth of 0 cm	AMPLICON	METAGENOMIC	PCR	paired	ILLUMINA	Illumina NovaSeq 6000	DNA extracted from soil using column extraction kits, DNA concentrations diluted to 2ng before PCR, amplified with 16S 515F-Y/806R primers, PCR product diluted to 3 ng for sequencing.	fastq	Bacteria_BM663-01M0125_good_1.fq.gz	Bacteria_BM663-01M0125_good_2.fq.gz				
S55	Bacteria_BM663-01M0126	16S metabarcoding of soil in Forest at depth of 0 cm	AMPLICON	METAGENOMIC	PCR	paired	ILLUMINA	Illumina NovaSeq 6000	DNA extracted from soil using column extraction kits, DNA concentrations diluted to 2ng before PCR, amplified with 16S 515F-Y/806R primers, PCR product diluted to 3 ng for sequencing.	fastq	Bacteria_BM663-01M0126_good_1.fq.gz	Bacteria_BM663-01M0126_good_2.fq.gz				
S56	Bacteria_BM663-01M0127	16S metabarcoding of soil in Forest at depth of 0 cm	AMPLICON	METAGENOMIC	PCR	paired	ILLUMINA	Illumina NovaSeq 6000	DNA extracted from soil using column extraction kits, DNA concentrations diluted to 2ng before PCR, amplified with 16S 515F-Y/806R primers, PCR product diluted to 3 ng for sequencing.	fastq	Bacteria_BM663-01M0127_good_1.fq.gz	Bacteria_BM663-01M0127_good_2.fq.gz				
S57	Bacteria_BM663-01M0128	16S metabarcoding of soil in Grassland at depth of 0 cm	AMPLICON	METAGENOMIC	PCR	paired	ILLUMINA	Illumina NovaSeq 6000	DNA extracted from soil using column extraction kits, DNA concentrations diluted to 2ng before PCR, amplified with 16S 515F-Y/806R primers, PCR product diluted to 3 ng for sequencing.	fastq	Bacteria_BM663-01M0128_good_1.fq.gz	Bacteria_BM663-01M0128_good_2.fq.gz				
S58	Bacteria_BM663-01M0129	16S metabarcoding of soil in Grassland at depth of 0 cm	AMPLICON	METAGENOMIC	PCR	paired	ILLUMINA	Illumina NovaSeq 6000	DNA extracted from soil using column extraction kits, DNA concentrations diluted to 2ng before PCR, amplified with 16S 515F-Y/806R primers, PCR product diluted to 3 ng for sequencing.	fastq	Bacteria_BM663-01M0129_good_1.fq.gz	Bacteria_BM663-01M0129_good_2.fq.gz				
S59	Bacteria_BM663-01M0130	16S metabarcoding of soil in Grassland at depth of 0 cm	AMPLICON	METAGENOMIC	PCR	paired	ILLUMINA	Illumina NovaSeq 6000	DNA extracted from soil using column extraction kits, DNA concentrations diluted to 2ng before PCR, amplified with 16S 515F-Y/806R primers, PCR product diluted to 3 ng for sequencing.	fastq	Bacteria_BM663-01M0130_good_1.fq.gz	Bacteria_BM663-01M0130_good_2.fq.gz				
S60	Bacteria_BM663-01M0131	16S metabarcoding of soil in Grassland at depth of 0 cm	AMPLICON	METAGENOMIC	PCR	paired	ILLUMINA	Illumina NovaSeq 6000	DNA extracted from soil using column extraction kits, DNA concentrations diluted to 2ng before PCR, amplified with 16S 515F-Y/806R primers, PCR product diluted to 3 ng for sequencing.	fastq	Bacteria_BM663-01M0131_good_1.fq.gz	Bacteria_BM663-01M0131_good_2.fq.gz				
S61	Bacteria_BM663-01M0132	16S metabarcoding of soil in Grassland at depth of 0 cm	AMPLICON	METAGENOMIC	PCR	paired	ILLUMINA	Illumina NovaSeq 6000	DNA extracted from soil using column extraction kits, DNA concentrations diluted to 2ng before PCR, amplified with 16S 515F-Y/806R primers, PCR product diluted to 3 ng for sequencing.	fastq	Bacteria_BM663-01M0132_good_1.fq.gz	Bacteria_BM663-01M0132_good_2.fq.gz				
S62	Bacteria_BM663-01M0133	16S metabarcoding of soil in Arableland at depth of 0 cm	AMPLICON	METAGENOMIC	PCR	paired	ILLUMINA	Illumina NovaSeq 6000	DNA extracted from soil using column extraction kits, DNA concentrations diluted to 2ng before PCR, amplified with 16S 515F-Y/806R primers, PCR product diluted to 3 ng for sequencing.	fastq	Bacteria_BM663-01M0133_good_1.fq.gz	Bacteria_BM663-01M0133_good_2.fq.gz				
S63	Bacteria_BM663-01M0134	16S metabarcoding of soil in Arableland at depth of 0 cm	AMPLICON	METAGENOMIC	PCR	paired	ILLUMINA	Illumina NovaSeq 6000	DNA extracted from soil using column extraction kits, DNA concentrations diluted to 2ng before PCR, amplified with 16S 515F-Y/806R primers, PCR product diluted to 3 ng for sequencing.	fastq	Bacteria_BM663-01M0134_good_1.fq.gz	Bacteria_BM663-01M0134_good_2.fq.gz				
S64	Bacteria_BM663-01M0135	16S metabarcoding of soil in Forest at depth of 0 cm	AMPLICON	METAGENOMIC	PCR	paired	ILLUMINA	Illumina NovaSeq 6000	DNA extracted from soil using column extraction kits, DNA concentrations diluted to 2ng before PCR, amplified with 16S 515F-Y/806R primers, PCR product diluted to 3 ng for sequencing.	fastq	Bacteria_BM663-01M0135_good_1.fq.gz	Bacteria_BM663-01M0135_good_2.fq.gz				
S65	Bacteria_BM663-01M0136	16S metabarcoding of soil in Forest at depth of 0 cm	AMPLICON	METAGENOMIC	PCR	paired	ILLUMINA	Illumina NovaSeq 6000	DNA extracted from soil using column extraction kits, DNA concentrations diluted to 2ng before PCR, amplified with 16S 515F-Y/806R primers, PCR product diluted to 3 ng for sequencing.	fastq	Bacteria_BM663-01M0136_good_1.fq.gz	Bacteria_BM663-01M0136_good_2.fq.gz				
S66	Bacteria_BM663-01M0137	16S metabarcoding of soil in Arableland at depth of 0 cm	AMPLICON	METAGENOMIC	PCR	paired	ILLUMINA	Illumina NovaSeq 6000	DNA extracted from soil using column extraction kits, DNA concentrations diluted to 2ng before PCR, amplified with 16S 515F-Y/806R primers, PCR product diluted to 3 ng for sequencing.	fastq	Bacteria_BM663-01M0137_good_1.fq.gz	Bacteria_BM663-01M0137_good_2.fq.gz				
S67	Bacteria_BM663-01M0138	16S metabarcoding of soil in Forest at depth of 0 cm	AMPLICON	METAGENOMIC	PCR	paired	ILLUMINA	Illumina NovaSeq 6000	DNA extracted from soil using column extraction kits, DNA concentrations diluted to 2ng before PCR, amplified with 16S 515F-Y/806R primers, PCR product diluted to 3 ng for sequencing.	fastq	Bacteria_BM663-01M0138_good_1.fq.gz	Bacteria_BM663-01M0138_good_2.fq.gz				
S68	Bacteria_BM663-01M0139	16S metabarcoding of soil in Arableland at depth of 0 cm	AMPLICON	METAGENOMIC	PCR	paired	ILLUMINA	Illumina NovaSeq 6000	DNA extracted from soil using column extraction kits, DNA concentrations diluted to 2ng before PCR, amplified with 16S 515F-Y/806R primers, PCR product diluted to 3 ng for sequencing.	fastq	Bacteria_BM663-01M0139_good_1.fq.gz	Bacteria_BM663-01M0139_good_2.fq.gz				
S69	Bacteria_BM663-01M0140	16S metabarcoding of soil in Arableland at depth of 0 cm	AMPLICON	METAGENOMIC	PCR	paired	ILLUMINA	Illumina NovaSeq 6000	DNA extracted from soil using column extraction kits, DNA concentrations diluted to 2ng before PCR, amplified with 16S 515F-Y/806R primers, PCR product diluted to 3 ng for sequencing.	fastq	Bacteria_BM663-01M0140_good_1.fq.gz	Bacteria_BM663-01M0140_good_2.fq.gz				
S70	Bacteria_BM663-01M0141	16S metabarcoding of soil in Grassland at depth of 0 cm	AMPLICON	METAGENOMIC	PCR	paired	ILLUMINA	Illumina NovaSeq 6000	DNA extracted from soil using column extraction kits, DNA concentrations diluted to 2ng before PCR, amplified with 16S 515F-Y/806R primers, PCR product diluted to 3 ng for sequencing.	fastq	Bacteria_BM663-01M0141_good_1.fq.gz	Bacteria_BM663-01M0141_good_2.fq.gz				
S71	Bacteria_BM663-01M0142	16S metabarcoding of soil in Forest at depth of 0 cm	AMPLICON	METAGENOMIC	PCR	paired	ILLUMINA	Illumina NovaSeq 6000	DNA extracted from soil using column extraction kits, DNA concentrations diluted to 2ng before PCR, amplified with 16S 515F-Y/806R primers, PCR product diluted to 3 ng for sequencing.	fastq	Bacteria_BM663-01M0142_good_1.fq.gz	Bacteria_BM663-01M0142_good_2.fq.gz				
S72	Bacteria_BM663-01M0143	16S metabarcoding of soil in Arableland at depth of 0 cm	AMPLICON	METAGENOMIC	PCR	paired	ILLUMINA	Illumina NovaSeq 6000	DNA extracted from soil using column extraction kits, DNA concentrations diluted to 2ng before PCR, amplified with 16S 515F-Y/806R primers, PCR product diluted to 3 ng for sequencing.	fastq	Bacteria_BM663-01M0143_good_1.fq.gz	Bacteria_BM663-01M0143_good_2.fq.gz				
S73	Bacteria_BM663-01M0144	16S metabarcoding of soil in Arableland at depth of 0 cm	AMPLICON	METAGENOMIC	PCR	paired	ILLUMINA	Illumina NovaSeq 6000	DNA extracted from soil using column extraction kits, DNA concentrations diluted to 2ng before PCR, amplified with 16S 515F-Y/806R primers, PCR product diluted to 3 ng for sequencing.	fastq	Bacteria_BM663-01M0144_good_1.fq.gz	Bacteria_BM663-01M0144_good_2.fq.gz				
S74	Bacteria_BM663-01M0145	16S metabarcoding of soil in Forest at depth of 0 cm	AMPLICON	METAGENOMIC	PCR	paired	ILLUMINA	Illumina NovaSeq 6000	DNA extracted from soil using column extraction kits, DNA concentrations diluted to 2ng before PCR, amplified with 16S 515F-Y/806R primers, PCR product diluted to 3 ng for sequencing.	fastq	Bacteria_BM663-01M0145_good_1.fq.gz	Bacteria_BM663-01M0145_good_2.fq.gz				
S75	Bacteria_BM663-01M0146	16S metabarcoding of soil in Grassland at depth of 0 cm	AMPLICON	METAGENOMIC	PCR	paired	ILLUMINA	Illumina NovaSeq 6000	DNA extracted from soil using column extraction kits, DNA concentrations diluted to 2ng before PCR, amplified with 16S 515F-Y/806R primers, PCR product diluted to 3 ng for sequencing.	fastq	Bacteria_BM663-01M0146_good_1.fq.gz	Bacteria_BM663-01M0146_good_2.fq.gz				
S76	Bacteria_BM663-01M0147	16S metabarcoding of soil in Grassland at depth of 0 cm	AMPLICON	METAGENOMIC	PCR	paired	ILLUMINA	Illumina NovaSeq 6000	DNA extracted from soil using column extraction kits, DNA concentrations diluted to 2ng before PCR, amplified with 16S 515F-Y/806R primers, PCR product diluted to 3 ng for sequencing.	fastq	Bacteria_BM663-01M0147_good_1.fq.gz	Bacteria_BM663-01M0147_good_2.fq.gz				
S77	Bacteria_BM663-01M0148	16S metabarcoding of soil in Forest at depth of 0 cm	AMPLICON	METAGENOMIC	PCR	paired	ILLUMINA	Illumina NovaSeq 6000	DNA extracted from soil using column extraction kits, DNA concentrations diluted to 2ng before PCR, amplified with 16S 515F-Y/806R primers, PCR product diluted to 3 ng for sequencing.	fastq	Bacteria_BM663-01M0148_good_1.fq.gz	Bacteria_BM663-01M0148_good_2.fq.gz				
S78	Bacteria_BM663-01M0149	16S metabarcoding of soil in Grassland at depth of 0 cm	AMPLICON	METAGENOMIC	PCR	paired	ILLUMINA	Illumina NovaSeq 6000	DNA extracted from soil using column extraction kits, DNA concentrations diluted to 2ng before PCR, amplified with 16S 515F-Y/806R primers, PCR product diluted to 3 ng for sequencing.	fastq	Bacteria_BM663-01M0149_good_1.fq.gz	Bacteria_BM663-01M0149_good_2.fq.gz				
S79	Bacteria_BM663-01M0150	16S metabarcoding of soil in Arableland at depth of 0 cm	AMPLICON	METAGENOMIC	PCR	paired	ILLUMINA	Illumina NovaSeq 6000	DNA extracted from soil using column extraction kits, DNA concentrations diluted to 2ng before PCR, amplified with 16S 515F-Y/806R primers, PCR product diluted to 3 ng for sequencing.	fastq	Bacteria_BM663-01M0150_good_1.fq.gz	Bacteria_BM663-01M0150_good_2.fq.gz				
S80	Bacteria_BM663-01M0151	16S metabarcoding of soil in Forest at depth of 0 cm	AMPLICON	METAGENOMIC	PCR	paired	ILLUMINA	Illumina NovaSeq 6000	DNA extracted from soil using column extraction kits, DNA concentrations diluted to 2ng before PCR, amplified with 16S 515F-Y/806R primers, PCR product diluted to 3 ng for sequencing.	fastq	Bacteria_BM663-01M0151_good_1.fq.gz	Bacteria_BM663-01M0151_good_2.fq.gz				
S81	Bacteria_BM663-01M0152	16S metabarcoding of soil in Grassland at depth of 0 cm	AMPLICON	METAGENOMIC	PCR	paired	ILLUMINA	Illumina NovaSeq 6000	DNA extracted from soil using column extraction kits, DNA concentrations diluted to 2ng before PCR, amplified with 16S 515F-Y/806R primers, PCR product diluted to 3 ng for sequencing.	fastq	Bacteria_BM663-01M0152_good_1.fq.gz	Bacteria_BM663-01M0152_good_2.fq.gz				
S82	Bacteria_BM663-01M0153	16S metabarcoding of soil in Arableland at depth of 0 cm	AMPLICON	METAGENOMIC	PCR	paired	ILLUMINA	Illumina NovaSeq 6000	DNA extracted from soil using column extraction kits, DNA concentrations diluted to 2ng before PCR, amplified with 16S 515F-Y/806R primers, PCR product diluted to 3 ng for sequencing.	fastq	Bacteria_BM663-01M0153_good_1.fq.gz	Bacteria_BM663-01M0153_good_2.fq.gz				
S83	Bacteria_BM663-01M0154	16S metabarcoding of soil in Arableland at depth of 0 cm	AMPLICON	METAGENOMIC	PCR	paired	ILLUMINA	Illumina NovaSeq 6000	DNA extracted from soil using column extraction kits, DNA concentrations diluted to 2ng before PCR, amplified with 16S 515F-Y/806R primers, PCR product diluted to 3 ng for sequencing.	fastq	Bacteria_BM663-01M0154_good_1.fq.gz	Bacteria_BM663-01M0154_good_2.fq.gz				
S84	Bacteria_BM663-01M0155	16S metabarcoding of soil in Grassland at depth of 0 cm	AMPLICON	METAGENOMIC	PCR	paired	ILLUMINA	Illumina NovaSeq 6000	DNA extracted from soil using column extraction kits, DNA concentrations diluted to 2ng before PCR, amplified with 16S 515F-Y/806R primers, PCR product diluted to 3 ng for sequencing.	fastq	Bacteria_BM663-01M0155_good_1.fq.gz	Bacteria_BM663-01M0155_good_2.fq.gz				
S85	Bacteria_BM663-01M0156	16S metabarcoding of soil in Arableland at depth of 0 cm	AMPLICON	METAGENOMIC	PCR	paired	ILLUMINA	Illumina NovaSeq 6000	DNA extracted from soil using column extraction kits, DNA concentrations diluted to 2ng before PCR, amplified with 16S 515F-Y/806R primers, PCR product diluted to 3 ng for sequencing.	fastq	Bacteria_BM663-01M0156_good_1.fq.gz	Bacteria_BM663-01M0156_good_2.fq.gz				
S86	Bacteria_BM663-01M0157	16S metabarcoding of soil in Forest at depth of 0 cm	AMPLICON	METAGENOMIC	PCR	paired	ILLUMINA	Illumina NovaSeq 6000	DNA extracted from soil using column extraction kits, DNA concentrations diluted to 2ng before PCR, amplified with 16S 515F-Y/806R primers, PCR product diluted to 3 ng for sequencing.	fastq	Bacteria_BM663-01M0157_good_1.fq.gz	Bacteria_BM663-01M0157_good_2.fq.gz				
S87	Bacteria_BM663-01M0158	16S metabarcoding of soil in Grassland at depth of 0 cm	AMPLICON	METAGENOMIC	PCR	paired	ILLUMINA	Illumina NovaSeq 6000	DNA extracted from soil using column extraction kits, DNA concentrations diluted to 2ng before PCR, amplified with 16S 515F-Y/806R primers, PCR product diluted to 3 ng for sequencing.	fastq	Bacteria_BM663-01M0158_good_1.fq.gz	Bacteria_BM663-01M0158_good_2.fq.gz				
S88	Bacteria_BM663-01M0159	16S metabarcoding of soil in Arableland at depth of 0 cm	AMPLICON	METAGENOMIC	PCR	paired	ILLUMINA	Illumina NovaSeq 6000	DNA extracted from soil using column extraction kits, DNA concentrations diluted to 2ng before PCR, amplified with 16S 515F-Y/806R primers, PCR product diluted to 3 ng for sequencing.	fastq	Bacteria_BM663-01M0159_good_1.fq.gz	Bacteria_BM663-01M0159_good_2.fq.gz				
S89	Bacteria_BM663-01M0160	16S metabarcoding of soil in Arableland at depth of 0 cm	AMPLICON	METAGENOMIC	PCR	paired	ILLUMINA	Illumina NovaSeq 6000	DNA extracted from soil using column extraction kits, DNA concentrations diluted to 2ng before PCR, amplified with 16S 515F-Y/806R primers, PCR product diluted to 3 ng for sequencing.	fastq	Bacteria_BM663-01M0160_good_1.fq.gz	Bacteria_BM663-01M0160_good_2.fq.gz				
S90	Bacteria_BM663-01M0161	16S metabarcoding of soil in Arableland at depth of 0 cm	AMPLICON	METAGENOMIC	PCR	paired	ILLUMINA	Illumina NovaSeq 6000	DNA extracted from soil using column extraction kits, DNA concentrations diluted to 2ng before PCR, amplified with 16S 515F-Y/806R primers, PCR product diluted to 3 ng for sequencing.	fastq	Bacteria_BM663-01M0161_good_1.fq.gz	Bacteria_BM663-01M0161_good_2.fq.gz				
S91	Bacteria_BM663-01M0162	16S metabarcoding of soil in Grassland at depth of 0 cm	AMPLICON	METAGENOMIC	PCR	paired	ILLUMINA	Illumina NovaSeq 6000	DNA extracted from soil using column extraction kits, DNA concentrations diluted to 2ng before PCR, amplified with 16S 515F-Y/806R primers, PCR product diluted to 3 ng for sequencing.	fastq	Bacteria_BM663-01M0162_good_1.fq.gz	Bacteria_BM663-01M0162_good_2.fq.gz				
S92	Bacteria_BM663-01M0163	16S metabarcoding of soil in Grassland at depth of 0 cm	AMPLICON	METAGENOMIC	PCR	paired	ILLUMINA	Illumina NovaSeq 6000	DNA extracted from soil using column extraction kits, DNA concentrations diluted to 2ng before PCR, amplified with 16S 515F-Y/806R primers, PCR product diluted to 3 ng for sequencing.	fastq	Bacteria_BM663-01M0163_good_1.fq.gz	Bacteria_BM663-01M0163_good_2.fq.gz				
S93	Bacteria_BM663-01M0164	16S metabarcoding of soil in Grassland at depth of 0 cm	AMPLICON	METAGENOMIC	PCR	paired	ILLUMINA	Illumina NovaSeq 6000	DNA extracted from soil using column extraction kits, DNA concentrations diluted to 2ng before PCR, amplified with 16S 515F-Y/806R primers, PCR product diluted to 3 ng for sequencing.	fastq	Bacteria_BM663-01M0164_good_1.fq.gz	Bacteria_BM663-01M0164_good_2.fq.gz				
S94	Bacteria_BM663-01M0165	16S metabarcoding of soil in Grassland at depth of 0 cm	AMPLICON	METAGENOMIC	PCR	paired	ILLUMINA	Illumina NovaSeq 6000	DNA extracted from soil using column extraction kits, DNA concentrations diluted to 2ng before PCR, amplified with 16S 515F-Y/806R primers, PCR product diluted to 3 ng for sequencing.	fastq	Bacteria_BM663-01M0165_good_1.fq.gz	Bacteria_BM663-01M0165_good_2.fq.gz				
S95	Bacteria_BM663-01M0166	16S metabarcoding of soil in Grassland at depth of 0 cm	AMPLICON	METAGENOMIC	PCR	paired	ILLUMINA	Illumina NovaSeq 6000	DNA extracted from soil using column extraction kits, DNA concentrations diluted to 2ng before PCR, amplified with 16S 515F-Y/806R primers, PCR product diluted to 3 ng for sequencing.	fastq	Bacteria_BM663-01M0166_good_1.fq.gz	Bacteria_BM663-01M0166_good_2.fq.gz				
S96	Bacteria_BM663-01M0167	16S metabarcoding of soil in Forest at depth of 0 cm	AMPLICON	METAGENOMIC	PCR	paired	ILLUMINA	Illumina NovaSeq 6000	DNA extracted from soil using column extraction kits, DNA concentrations diluted to 2ng before PCR, amplified with 16S 515F-Y/806R primers, PCR product diluted to 3 ng for sequencing.	fastq	Bacteria_BM663-01M0167_good_1.fq.gz	Bacteria_BM663-01M0167_good_2.fq.gz				
S97	Bacteria_BM663-01M0168	16S metabarcoding of soil in Grassland at depth of 0 cm	AMPLICON	METAGENOMIC	PCR	paired	ILLUMINA	Illumina NovaSeq 6000	DNA extracted from soil using column extraction kits, DNA concentrations diluted to 2ng before PCR, amplified with 16S 515F-Y/806R primers, PCR product diluted to 3 ng for sequencing.	fastq	Bacteria_BM663-01M0168_good_1.fq.gz	Bacteria_BM663-01M0168_good_2.fq.gz				
S98	Bacteria_BM663-01M0169	16S metabarcoding of soil in Grassland at depth of 0 cm	AMPLICON	METAGENOMIC	PCR	paired	ILLUMINA	Illumina NovaSeq 6000	DNA extracted from soil using column extraction kits, DNA concentrations diluted to 2ng before PCR, amplified with 16S 515F-Y/806R primers, PCR product diluted to 3 ng for sequencing.	fastq	Bacteria_BM663-01M0169_good_1.fq.gz	Bacteria_BM663-01M0169_good_2.fq.gz				
S99	Bacteria_BM663-01M0170	16S metabarcoding of soil in Forest at depth of 0 cm	AMPLICON	METAGENOMIC	PCR	paired	ILLUMINA	Illumina NovaSeq 6000	DNA extracted from soil using column extraction kits, DNA concentrations diluted to 2ng before PCR, amplified with 16S 515F-Y/806R primers, PCR product diluted to 3 ng for sequencing.	fastq	Bacteria_BM663-01M0170_good_1.fq.gz	Bacteria_BM663-01M0170_good_2.fq.gz				
S100	Bacteria_BM663-01M0171	16S metabarcoding of soil in Forest at depth of 0 cm	AMPLICON	METAGENOMIC	PCR	paired	ILLUMINA	Illumina NovaSeq 6000	DNA extracted from soil using column extraction kits, DNA concentrations diluted to 2ng before PCR, amplified with 16S 515F-Y/806R primers, PCR product diluted to 3 ng for sequencing.	fastq	Bacteria_BM663-01M0171_good_1.fq.gz	Bacteria_BM663-01M0171_good_2.fq.gz				
S101	Bacteria_BM663-01M0172	16S metabarcoding of soil in Grassland at depth of 0 cm	AMPLICON	METAGENOMIC	PCR	paired	ILLUMINA	Illumina NovaSeq 6000	DNA extracted from soil using column extraction kits, DNA concentrations diluted to 2ng before PCR, amplified with 16S 515F-Y/806R primers, PCR product diluted to 3 ng for sequencing.	fastq	Bacteria_BM663-01M0172_good_1.fq.gz	Bacteria_BM663-01M0172_good_2.fq.gz				
S102	Bacteria_BM663-01M0173	16S metabarcoding of soil in Forest at depth of 0 cm	AMPLICON	METAGENOMIC	PCR	paired	ILLUMINA	Illumina NovaSeq 6000	DNA extracted from soil using column extraction kits, DNA concentrations diluted to 2ng before PCR, amplified with 16S 515F-Y/806R primers, PCR product diluted to 3 ng for sequencing.	fastq	Bacteria_BM663-01M0173_good_1.fq.gz	Bacteria_BM663-01M0173_good_2.fq.gz				
S103	Bacteria_BM663-01M0174	16S metabarcoding of soil in Arableland at depth of 0 cm	AMPLICON	METAGENOMIC	PCR	paired	ILLUMINA	Illumina NovaSeq 6000	DNA extracted from soil using column extraction kits, DNA concentrations diluted to 2ng before PCR, amplified with 16S 515F-Y/806R primers, PCR product diluted to 3 ng for sequencing.	fastq	Bacteria_BM663-01M0174_good_1.fq.gz	Bacteria_BM663-01M0174_good_2.fq.gz				
S104	Bacteria_BM663-01M0175	16S metabarcoding of soil in Grassland at depth of 0 cm	AMPLICON	METAGENOMIC	PCR	paired	ILLUMINA	Illumina NovaSeq 6000	DNA extracted from soil using column extraction kits, DNA concentrations diluted to 2ng before PCR, amplified with 16S 515F-Y/806R primers, PCR product diluted to 3 ng for sequencing.	fastq	Bacteria_BM663-01M0175_good_1.fq.gz	Bacteria_BM663-01M0175_good_2.fq.gz				
S105	Bacteria_BM663-01M0176	16S metabarcoding of soil in Arableland at depth of 0 cm	AMPLICON	METAGENOMIC	PCR	paired	ILLUMINA	Illumina NovaSeq 6000	DNA extracted from soil using column extraction kits, DNA concentrations diluted to 2ng before PCR, amplified with 16S 515F-Y/806R primers, PCR product diluted to 3 ng for sequencing.	fastq	Bacteria_BM663-01M0176_good_1.fq.gz	Bacteria_BM663-01M0176_good_2.fq.gz				
S106	Bacteria_BM663-01M0177	16S metabarcoding of soil in Forest at depth of 0 cm	AMPLICON	METAGENOMIC	PCR	paired	ILLUMINA	Illumina NovaSeq 6000	DNA extracted from soil using column extraction kits, DNA concentrations diluted to 2ng before PCR, amplified with 16S 515F-Y/806R primers, PCR product diluted to 3 ng for sequencing.	fastq	Bacteria_BM663-01M0177_good_1.fq.gz	Bacteria_BM663-01M0177_good_2.fq.gz				
S107	Bacteria_BM663-01M0178	16S metabarcoding of soil in Arableland at depth of 0 cm	AMPLICON	METAGENOMIC	PCR	paired	ILLUMINA	Illumina NovaSeq 6000	DNA extracted from soil using column extraction kits, DNA concentrations diluted to 2ng before PCR, amplified with 16S 515F-Y/806R primers, PCR product diluted to 3 ng for sequencing.	fastq	Bacteria_BM663-01M0178_good_1.fq.gz	Bacteria_BM663-01M0178_good_2.fq.gz				
S108	Bacteria_BM663-01M0179	16S metabarcoding of soil in Arableland at depth of 0 cm	AMPLICON	METAGENOMIC	PCR	paired	ILLUMINA	Illumina NovaSeq 6000	DNA extracted from soil using column extraction kits, DNA concentrations diluted to 2ng before PCR, amplified with 16S 515F-Y/806R primers, PCR product diluted to 3 ng for sequencing.	fastq	Bacteria_BM663-01M0179_good_1.fq.gz	Bacteria_BM663-01M0179_good_2.fq.gz				
S109	Bacteria_BM663-01M0180	16S metabarcoding of soil in Arableland at depth of 0 cm	AMPLICON	METAGENOMIC	PCR	paired	ILLUMINA	Illumina NovaSeq 6000	DNA extracted from soil using column extraction kits, DNA concentrations diluted to 2ng before PCR, amplified with 16S 515F-Y/806R primers, PCR product diluted to 3 ng for sequencing.	fastq	Bacteria_BM663-01M0180_good_1.fq.gz	Bacteria_BM663-01M0180_good_2.fq.gz				
S110	Bacteria_BM663-01M0181	16S metabarcoding of soil in Grassland at depth of 0 cm	AMPLICON	METAGENOMIC	PCR	paired	ILLUMINA	Illumina NovaSeq 6000	DNA extracted from soil using column extraction kits, DNA concentrations diluted to 2ng before PCR, amplified with 16S 515F-Y/806R primers, PCR product diluted to 3 ng for sequencing.	fastq	Bacteria_BM663-01M0181_good_1.fq.gz	Bacteria_BM663-01M0181_good_2.fq.gz				
S111	Bacteria_BM663-01M0182	16S metabarcoding of soil in Grassland at depth of 0 cm	AMPLICON	METAGENOMIC	PCR	paired	ILLUMINA	Illumina NovaSeq 6000	DNA extracted from soil using column extraction kits, DNA concentrations diluted to 2ng before PCR, amplified with 16S 515F-Y/806R primers, PCR product diluted to 3 ng for sequencing.	fastq	Bacteria_BM663-01M0182_good_1.fq.gz	Bacteria_BM663-01M0182_good_2.fq.gz				
S112	Bacteria_BM663-01M0183	16S metabarcoding of soil in Grassland at depth of 0 cm	AMPLICON	METAGENOMIC	PCR	paired	ILLUMINA	Illumina NovaSeq 6000	DNA extracted from soil using column extraction kits, DNA concentrations diluted to 2ng before PCR, amplified with 16S 515F-Y/806R primers, PCR product diluted to 3 ng for sequencing.	fastq	Bacteria_BM663-01M0183_good_1.fq.gz	Bacteria_BM663-01M0183_good_2.fq.gz				
S113	Bacteria_BM663-01M0184	16S metabarcoding of soil in Grassland at depth of 0 cm	AMPLICON	METAGENOMIC	PCR	paired	ILLUMINA	Illumina NovaSeq 6000	DNA extracted from soil using column extraction kits, DNA concentrations diluted to 2ng before PCR, amplified with 16S 515F-Y/806R primers, PCR product diluted to 3 ng for sequencing.	fastq	Bacteria_BM663-01M0184_good_1.fq.gz	Bacteria_BM663-01M0184_good_2.fq.gz				
S114	Bacteria_BM663-01M0185	16S metabarcoding of soil in Grassland at depth of 0 cm	AMPLICON	METAGENOMIC	PCR	paired	ILLUMINA	Illumina NovaSeq 6000	DNA extracted from soil using column extraction kits, DNA concentrations diluted to 2ng before PCR, amplified with 16S 515F-Y/806R primers, PCR product diluted to 3 ng for sequencing.	fastq	Bacteria_BM663-01M0185_good_1.fq.gz	Bacteria_BM663-01M0185_good_2.fq.gz				
S115	Bacteria_BM663-01M0186	16S metabarcoding of soil in Grassland at depth of 0 cm	AMPLICON	METAGENOMIC	PCR	paired	ILLUMINA	Illumina NovaSeq 6000	DNA extracted from soil using column extraction kits, DNA concentrations diluted to 2ng before PCR, amplified with 16S 515F-Y/806R primers, PCR product diluted to 3 ng for sequencing.	fastq	Bacteria_BM663-01M0186_good_1.fq.gz	Bacteria_BM663-01M0186_good_2.fq.gz				
S116	Bacteria_BM663-01M0187	16S metabarcoding of soil in Forest at depth of 0 cm	AMPLICON	METAGENOMIC	PCR	paired	ILLUMINA	Illumina NovaSeq 6000	DNA extracted from soil using column extraction kits, DNA concentrations diluted to 2ng before PCR, amplified with 16S 515F-Y/806R primers, PCR product diluted to 3 ng for sequencing.	fastq	Bacteria_BM663-01M0187_good_1.fq.gz	Bacteria_BM663-01M0187_good_2.fq.gz				
S117	Bacteria_BM663-01M0188	16S metabarcoding of soil in Forest at depth of 0 cm	AMPLICON	METAGENOMIC	PCR	paired	ILLUMINA	Illumina NovaSeq 6000	DNA extracted from soil using column extraction kits, DNA concentrations diluted to 2ng before PCR, amplified with 16S 515F-Y/806R primers, PCR product diluted to 3 ng for sequencing.	fastq	Bacteria_BM663-01M0188_good_1.fq.gz	Bacteria_BM663-01M0188_good_2.fq.gz				
S118	Bacteria_BM663-01M0189	16S metabarcoding of soil in Arableland at depth of 0 cm	AMPLICON	METAGENOMIC	PCR	paired	ILLUMINA	Illumina NovaSeq 6000	DNA extracted from soil using column extraction kits, DNA concentrations diluted to 2ng before PCR, amplified with 16S 515F-Y/806R primers, PCR product diluted to 3 ng for sequencing.	fastq	Bacteria_BM663-01M0189_good_1.fq.gz	Bacteria_BM663-01M0189_good_2.fq.gz				
S119	Bacteria_BM663-01M0190	16S metabarcoding of soil in Forest at depth of 0 cm	AMPLICON	METAGENOMIC	PCR	paired	ILLUMINA	Illumina NovaSeq 6000	DNA extracted from soil using column extraction kits, DNA concentrations diluted to 2ng before PCR, amplified with 16S 515F-Y/806R primers, PCR product diluted to 3 ng for sequencing.	fastq	Bacteria_BM663-01M0190_good_1.fq.gz	Bacteria_BM663-01M0190_good_2.fq.gz				
S120	Bacteria_BM663-01M0191	16S metabarcoding of soil in Forest at depth of 0 cm	AMPLICON	METAGENOMIC	PCR	paired	ILLUMINA	Illumina NovaSeq 6000	DNA extracted from soil using column extraction kits, DNA concentrations diluted to 2ng before PCR, amplified with 16S 515F-Y/806R primers, PCR product diluted to 3 ng for sequencing.	fastq	Bacteria_BM663-01M0191_good_1.fq.gz	Bacteria_BM663-01M0191_good_2.fq.gz				
C1.1	Bacteria_BM663-01M0192	16S metabarcoding of soil in control at depth of control cm	AMPLICON	METAGENOMIC	PCR	paired	ILLUMINA	Illumina NovaSeq 6000	DNA extracted from soil using column extraction kits, DNA concentrations diluted to 2ng before PCR, amplified with 16S 515F-Y/806R primers, PCR product diluted to 3 ng for sequencing.	fastq	Bacteria_BM663-01M0192_good_1.fq.gz	Bacteria_BM663-01M0192_good_2.fq.gz				
C1.2	Bacteria_BM663-01M0193	16S metabarcoding of soil in control at depth of control cm	AMPLICON	METAGENOMIC	PCR	paired	ILLUMINA	Illumina NovaSeq 6000	DNA extracted from soil using column extraction kits, DNA concentrations diluted to 2ng before PCR, amplified with 16S 515F-Y/806R primers, PCR product diluted to 3 ng for sequencing.	fastq	Bacteria_BM663-01M0193_good_1.fq.gz	Bacteria_BM663-01M0193_good_2.fq.gz				
C2.1	Bacteria_BM663-01M0194	16S metabarcoding of soil in control at depth of control cm	AMPLICON	METAGENOMIC	PCR	paired	ILLUMINA	Illumina NovaSeq 6000	DNA extracted from soil using column extraction kits, DNA concentrations diluted to 2ng before PCR, amplified with 16S 515F-Y/806R primers, PCR product diluted to 3 ng for sequencing.	fastq	Bacteria_BM663-01M0194_good_1.fq.gz	Bacteria_BM663-01M0194_good_2.fq.gz				
C2.2	Bacteria_BM663-01M0195	16S metabarcoding of soil in control at depth of control cm	AMPLICON	METAGENOMIC	PCR	paired	ILLUMINA	Illumina NovaSeq 6000	DNA extracted from soil using column extraction kits, DNA concentrations diluted to 2ng before PCR, amplified with 16S 515F-Y/806R primers, PCR product diluted to 3 ng for sequencing.	fastq	Bacteria_BM663-01M0195_good_1.fq.gz	Bacteria_BM663-01M0195_good_2.fq.gz				
